OBJECTID,work_manager_task_unplanned_cou,sequence_number,owner,project_id,project_code,start_date,wbs_id,activity_id,project,monte_carlo_scenario,activity,activity_uncertainty_id,update_date,calendar_name,percent_complete_weighted_by,actual_duration,remaining_duration,planned_duration,record_count,planned_labor_units,actual_labor_units,remaining_labor_units,scope_percent_complete,performance_percent_complete,critical,starred,schedule_percent_complete,remaining_start,planned_start,remaining_late_start,at_completion_duration,units_percent_complete,activity_name,cost_performance_index_labor_un,earned_value_cost,planned_value_cost,schedule_variance,planned_expense_cost,actual_this_period_labor_cost_p,planned_labor_cost,planned_labor_cost_project,planned_material_cost,planned_material_cost_project,planned_non_labor_cost,planned_non_labor_cost_project,planned_total_cost,planned_total_cost_project,remaining_expense_cost,remaining_labor_cost,remaining_labor_cost_project,remaining_material_cost,remaining_material_cost_project,remaining_non_labor_cost,remaining_non_labor_cost_projec,remaining_total_cost,remaining_total_cost_project,actual_expense_cost,actual_labor_cost,actual_labor_cost_project,actual_material_cost,actual_material_cost_project,actual_non_labor_cost,actual_non_labor_cost_project,actual_total_cost,actual_total_cost_project,at_completion_expense_cost,at_completion_labor_cost,at_completion_labor_cost_projec,at_completion_material_cost,at_completion_material_cost_pro,at_completion_non_labor_cost,at_completion_non_labor_cost_pr,at_completion_total_cost,at_completion_total_cost_projec,blplanned_expense_cost,blplanned_labor_cost,blplanned_material_cost,blplanned_non_labor_cost,blplanned_total_cost,accounting_variance,expense_cost_variance,labor_cost_variance,material_cost_variance,non_labor_cost_variance,total_cost_variance,actual_this_period_labor_cost,actual_this_period_non_labor_co,actual_this_period_non_labor__1,actual_this_period_material_cos,actual_this_period_material_c_1,actual_this_period_total_cost,actual_this_period_total_cost_p,prior_actual_labor_cost,prior_actual_labor_cost_project,prior_actual_non_labor_cost,prior_actual_non_labor_cost_pro,prior_actual_material_cost,prior_actual_material_cost_proj,prior_actual_total_cost,prior_actual_total_cost_project,budget_at_completion,budget_at_completion_project,planned_value_cost_project,earned_value_cost_project,schedule_variance_project,var_cost,var_cost_project,estimate_to_completion_cost,estimate_to_completion_cost_pro,estimate_at_completion_cost,estimate_at_completion_cost_pro,at_completion_variance,at_completion_variance_project,earned_value_labor_units,schedule_variance_index,cost_variance_labor_units,cost_variance_index,cost_variance_labor_units_index,schedule_performance_index,to_complete_performance_index,driving_path,actual_this_period_non_labor_un,actual_this_period_labor_units,early_start,late_start,secondary_constraint_type,planned_non_labor_units,actual_non_labor_units,remaining_non_labor_units,prior_actual_labor_units,prior_actual_non_labor_units,free_float,total_float,activity_status,percent_complete_type,physical_percent_complete,duration_type,activity_type,activity_priority,at_completion_labor_units,at_completion_non_labor_units,duration_percent_complete,duration_percent_of_planned,labor_units_complete_percent,non_labor_units_complete_percen,activity_percent_complete,remaining_float,activity_work_manager_task_date,activity_work_manager_task_stat,activity_work_manager_task_st_1,work_manager_task_count,work_manager_task_planned_outsi,work_manager_task_planned_not_c,work_manager_task_planned_compl,program_milestone,at_completion_budget_labor_unit,planned_value_labor_units,schedule_variance_labor_units,schedule_var_index_labor_units,schedule_perf_index_labor_units,cost_performance_index,estimate_to_completion_labor_un,estimate_at_completion_labor_un,variance_at_completion_labor_un,activity_code,finish_date,remaining_finish,planned_finish,remaining_late_finish,early_finish,late_finish,gis_id,resource_code_list,resource_name_list,ls,join_id,start_date_date,update_date_date,remaining_start_date,planned_start_date,early_start_date,late_start_date,finish_date_date,remaining_finish_date,planned_finish_date,remaining_late_finish_date,early_finish_date,late_finish_date,Shape__Length,GlobalID
1,3,500,schedule.specialist@aec.com,28401,082182,2021-12-31,48203,44205,28401,PRE_MITIGATED,44205,50205,2021-11-23,Default Calendar,COST,0,80,80,1,480,0,480,0,0,False,False,1,2021-12-31,2021-12-31,2022-01-28T08:00:00.+0000,80,0,Pour Concrete,0,0,0.0,0.0,0,0,52800,52800,0,0,0,0,52800,52800,0,52800,52800,0,0,0,0,52800,52800,0,0,0,0,0,0,0,0,0,0,52800,52800,0,0,0,0,52800,52800,0,0,0,0,0,0,0,0,0,0,0,0,0,0,0,0,0,0,0,0,0,0,0,0,0,0,52800,52800,0.0,0,0.0,0,0,52800,52800,52800,52800,0,0,0,0,0,0,0,0,1,False,0,0,2021-12-31,2022-01-28,NONE,0,0,0,0,0,0,160,NOT_STARTED,PHYSICAL,0,FIXED_DURATION_AND_UNITS,ACTIVITY,NORMAL,480,0,0,0,0,0,0,160,ALL_WITHIN,BOTH_NOT_COMPLETE,False,3,0,0,0,False,480,0,0,0,0,0,480,480,0,LS1-1090,2022-01-13,2022-01-13,2022-01-13,2022-02-10,2022-01-13,2022-02-10,PL1,R2,CIVIL,LS 1,geo-polyline-1,2021-12-31,2021-11-23,2021-12-31,2021-12-31,2021-12-31,2022-01-28,2022-01-13,2022-01-13,2022-01-13,2022-02-10,2022-01-13,2022-02-10,13208.072139127231,{5964C3EA-6C06-45FC-AF62-643B27BEE5C2}
2,3,400,schedule.specialist@aec.com,28401,082182,2021-12-24,48203,44206,28401,PRE_MITIGATED,44206,50206,2021-11-23,Default Calendar,COST,0,40,40,1,240,0,240,0,0,False,False,1,2021-12-24,2021-12-24,2022-01-21T08:00:00.+0000,40,0,Set Rebar Cage,0,0,0.0,0.0,0,0,26400,26400,0,0,0,0,26400,26400,0,26400,26400,0,0,0,0,26400,26400,0,0,0,0,0,0,0,0,0,0,26400,26400,0,0,0,0,26400,26400,0,0,0,0,0,0,0,0,0,0,0,0,0,0,0,0,0,0,0,0,0,0,0,0,0,0,26400,26400,0.0,0,0.0,0,0,26400,26400,26400,26400,0,0,0,0,0,0,0,0,1,False,0,0,2021-12-24,2022-01-21,NONE,0,0,0,0,0,0,160,NOT_STARTED,PHYSICAL,0,FIXED_DURATION_AND_UNITS,ACTIVITY,NORMAL,240,0,0,0,0,0,0,160,ALL_WITHIN,BOTH_NOT_COMPLETE,False,3,0,0,0,False,240,0,0,0,0,0,240,240,0,LS1-1100,2021-12-30,2021-12-30,2021-12-30,2022-01-27,2021-12-30,2022-01-27,PL1,R2,CIVIL,LS 1,geo-polyline-1,2021-12-24,2021-11-23,2021-12-24,2021-12-24,2021-12-24,2022-01-21,2021-12-30,2021-12-30,2021-12-30,2022-01-27,2021-12-30,2022-01-27,13208.072139127231,{03453ABE-AAD0-4271-BBEC-E6A2FA6C5CA6}
3,1,135150,schedule.specialist@aec.com,28401,082182,2022-03-03,48204,44208,28401,PRE_MITIGATED,44208,50208,2021-11-23,Default Calendar,COST,0,40,40,1,40,0,40,0,0,False,False,1,2022-03-03,2022-03-03,2022-07-14T08:00:00.+0000,40,0,Testing,0,0,0.0,0.0,0,0,6000,6000,0,0,0,0,6000,6000,0,6000,6000,0,0,0,0,6000,6000,0,0,0,0,0,0,0,0,0,0,6000,6000,0,0,0,0,6000,6000,0,0,0,0,0,0,0,0,0,0,0,0,0,0,0,0,0,0,0,0,0,0,0,0,0,0,6000,6000,0.0,0,0.0,0,0,6000,6000,6000,6000,0,0,0,0,0,0,0,0,1,False,0,0,2022-03-03,2022-07-14,NONE,0,0,0,0,0,760,760,NOT_STARTED,PHYSICAL,0,FIXED_DURATION_AND_UNITS,ACTIVITY,NORMAL,40,0,0,0,0,0,0,760,ALL_WITHIN,BOTH_NOT_COMPLETE,False,1,0,0,0,False,40,0,0,0,0,0,40,40,0,LS1-1010,2022-03-09,2022-03-09,2022-03-09,2022-07-20,2022-03-09,2022-07-20,PL1,R3,Lightening Industries,LS 1,geo-polyline-1,2022-03-03,2021-11-23,2022-03-03,2022-03-03,2022-03-03,2022-07-14,2022-03-09,2022-03-09,2022-03-09,2022-07-20,2022-03-09,2022-07-20,13208.072139127231,{1DB676A2-36A2-4089-BA58-F2A56F3A5BF7}
4,2,135200,schedule.specialist@aec.com,28401,082182,2022-02-17,48204,44209,28401,PRE_MITIGATED,44209,50209,2021-11-23,Default Calendar,COST,0,80,80,1,480,0,480,0,0,False,False,1,2022-02-17,2022-02-17,2022-06-30T08:00:00.+0000,80,0,Install OPGW,0,0,0.0,0.0,0,0,72000,72000,0,0,0,0,72000,72000,0,72000,72000,0,0,0,0,72000,72000,0,0,0,0,0,0,0,0,0,0,72000,72000,0,0,0,0,72000,72000,0,0,0,0,0,0,0,0,0,0,0,0,0,0,0,0,0,0,0,0,0,0,0,0,0,0,72000,72000,0.0,0,0.0,0,0,72000,72000,72000,72000,0,0,0,0,0,0,0,0,1,False,0,0,2022-02-17,2022-06-30,NONE,0,0,0,0,0,0,760,NOT_STARTED,PHYSICAL,0,FIXED_DURATION_AND_UNITS,ACTIVITY,NORMAL,480,0,0,0,0,0,0,760,ALL_WITHIN,BOTH_NOT_COMPLETE,False,2,0,0,0,False,480,0,0,0,0,0,480,480,0,LS1-1020,2022-03-02,2022-03-02,2022-03-02,2022-07-13,2022-03-02,2022-07-13,PL1,R3,Lightening Industries,LS 1,geo-polyline-1,2022-02-17,2021-11-23,2022-02-17,2022-02-17,2022-02-17,2022-06-30,2022-03-02,2022-03-02,2022-03-02,2022-07-13,2022-03-02,2022-07-13,13208.072139127231,{8472A7A4-5516-4CC2-8C24-8B2177DD6D50}
5,4,135250,schedule.specialist@aec.com,28401,082182,2022-02-10,48204,44210,28401,PRE_MITIGATED,44210,50210,2021-11-23,Default Calendar,COST,0,40,40,1,250,0,250,0,0,False,False,1,2022-02-10,2022-02-10,2022-06-23T08:00:00.+0000,40,0,"Pull, Sag and Clip Conductor",0,0,0.0,0.0,0,0,37500,37500,0,0,0,0,37500,37500,0,37500,37500,0,0,0,0,37500,37500,0,0,0,0,0,0,0,0,0,0,37500,37500,0,0,0,0,37500,37500,0,0,0,0,0,0,0,0,0,0,0,0,0,0,0,0,0,0,0,0,0,0,0,0,0,0,37500,37500,0.0,0,0.0,0,0,37500,37500,37500,37500,0,0,0,0,0,0,0,0,1,False,0,0,2022-02-10,2022-06-23,NONE,0,0,0,0,0,0,760,NOT_STARTED,PHYSICAL,0,FIXED_DURATION_AND_UNITS,ACTIVITY,NORMAL,250,0,0,0,0,0,0,760,ALL_WITHIN,BOTH_NOT_COMPLETE,False,4,0,0,0,False,250,0,0,0,0,0,250,250,0,LS1-1030,2022-02-16,2022-02-16,2022-02-16,2022-06-29,2022-02-16,2022-06-29,PL1,R3,Lightening Industries,LS 1,geo-polyline-1,2022-02-10,2021-11-23,2022-02-10,2022-02-10,2022-02-10,2022-06-23,2022-02-16,2022-02-16,2022-02-16,2022-06-29,2022-02-16,2022-06-29,13208.072139127231,{F4EBEE33-AAF8-4926-8369-E676A318F7A7}
6,1,135300,schedule.specialist@aec.com,28401,082182,2022-01-20,48204,44211,28401,PRE_MITIGATED,44211,50211,2021-11-23,Default Calendar,COST,0,40,40,1,200,0,200,0,0,False,False,1,2022-01-20,2022-01-20,2022-06-02T08:00:00.+0000,40,0,Stage Material,0,0,0.0,0.0,0,0,30000,30000,0,0,0,0,30000,30000,0,30000,30000,0,0,0,0,30000,30000,0,0,0,0,0,0,0,0,0,0,30000,30000,0,0,0,0,30000,30000,0,0,0,0,0,0,0,0,0,0,0,0,0,0,0,0,0,0,0,0,0,0,0,0,0,0,30000,30000,0.0,0,0.0,0,0,30000,30000,30000,30000,0,0,0,0,0,0,0,0,1,False,0,0,2022-01-20,2022-06-02,NONE,0,0,0,0,0,0,760,NOT_STARTED,PHYSICAL,0,FIXED_DURATION_AND_UNITS,ACTIVITY,NORMAL,200,0,0,0,0,0,0,760,ALL_WITHIN,BOTH_NOT_COMPLETE,False,1,0,0,0,False,200,0,0,0,0,0,200,200,0,LS1-1040,2022-01-26,2022-01-26,2022-01-26,2022-06-08,2022-01-26,2022-06-08,PL1,R3,Lightening Industries,LS 1,geo-polyline-1,2022-01-20,2021-11-23,2022-01-20,2022-01-20,2022-01-20,2022-06-02,2022-01-26,2022-01-26,2022-01-26,2022-06-08,2022-01-26,2022-06-08,13208.072139127231,{2F5EF319-F7D0-4760-BB09-CAF9DA5F8D79}
7,1,136400,schedule.specialist@aec.com,28401,082182,2022-03-25,46203,44212,28401,PRE_MITIGATED,44212,50212,2021-11-23,Default Calendar,COST,0,40,40,1,120,0,120,0,0,False,False,1,2022-03-25,2022-03-25,2022-04-22T08:00:00.+0000,40,0,Stage Material,0,0,0.0,0.0,0,0,13200,13200,0,0,0,0,13200,13200,0,13200,13200,0,0,0,0,13200,13200,0,0,0,0,0,0,0,0,0,0,13200,13200,0,0,0,0,13200,13200,0,0,0,0,0,0,0,0,0,0,0,0,0,0,0,0,0,0,0,0,0,0,0,0,0,0,13200,13200,0.0,0,0.0,0,0,13200,13200,13200,13200,0,0,0,0,0,0,0,0,1,False,0,0,2022-03-25,2022-04-22,NONE,0,0,0,0,0,0,160,NOT_STARTED,PHYSICAL,0,FIXED_DURATION_AND_UNITS,ACTIVITY,NORMAL,120,0,0,0,0,0,0,160,ALL_WITHIN,BOTH_NOT_COMPLETE,False,1,0,0,0,False,120,0,0,0,0,0,120,120,0,LS65-1110,2022-03-31,2022-03-31,2022-03-31,2022-04-28,2022-03-31,2022-04-28,PL6,R2,CIVIL,LS 6,geo-polyline-6,2022-03-25,2021-11-23,2022-03-25,2022-03-25,2022-03-25,2022-04-22,2022-03-31,2022-03-31,2022-03-31,2022-04-28,2022-03-31,2022-04-28,8689.26299308184,{6CBC99B1-7406-474E-A5F4-8EAB834EBCCC}
8,4,136450,schedule.specialist@aec.com,28401,082182,2022-03-04,46203,44213,28401,PRE_MITIGATED,44213,50213,2021-11-23,Default Calendar,COST,0,120,120,1,240,0,240,0,0,False,False,1,2022-03-04,2022-03-04,2022-04-01T08:00:00.+0000,120,0,ROW and Easement Clearing,0,0,0.0,0.0,0,0,27600,27600,0,0,0,0,27600,27600,0,27600,27600,0,0,0,0,27600,27600,0,0,0,0,0,0,0,0,0,0,27600,27600,0,0,0,0,27600,27600,0,0,0,0,0,0,0,0,0,0,0,0,0,0,0,0,0,0,0,0,0,0,0,0,0,0,27600,27600,0.0,0,0.0,0,0,27600,27600,27600,27600,0,0,0,0,0,0,0,0,1,False,0,0,2022-03-04,2022-04-01,NONE,0,0,0,0,0,0,160,NOT_STARTED,PHYSICAL,0,FIXED_DURATION_AND_UNITS,ACTIVITY,NORMAL,240,0,0,0,0,0,0,160,ALL_WITHIN,BOTH_NOT_COMPLETE,False,4,0,0,0,False,240,0,0,0,0,0,240,240,0,LS65-1120,2022-03-24,2022-03-24,2022-03-24,2022-04-21,2022-03-24,2022-04-21,PL6,"R1, R2","FICON, CIVIL",LS 6,geo-polyline-6,2022-03-04,2021-11-23,2022-03-04,2022-03-04,2022-03-04,2022-04-01,2022-03-24,2022-03-24,2022-03-24,2022-04-21,2022-03-24,2022-04-21,8689.26299308184,{8DB76463-7292-4960-A201-97E8C04F4243}
9,3,136500,schedule.specialist@aec.com,28401,082182,2022-04-01,46203,44214,28401,PRE_MITIGATED,44214,50214,2021-11-23,Default Calendar,COST,0,40,40,1,240,0,240,0,0,False,False,1,2022-04-01,2022-04-01,2022-04-29T08:00:00.+0000,40,0,Drill Foundations,0,0,0.0,0.0,0,0,26400,26400,0,0,0,0,26400,26400,0,26400,26400,0,0,0,0,26400,26400,0,0,0,0,0,0,0,0,0,0,26400,26400,0,0,0,0,26400,26400,0,0,0,0,0,0,0,0,0,0,0,0,0,0,0,0,0,0,0,0,0,0,0,0,0,0,26400,26400,0.0,0,0.0,0,0,26400,26400,26400,26400,0,0,0,0,0,0,0,0,1,False,0,0,2022-04-01,2022-04-29,NONE,0,0,0,0,0,0,160,NOT_STARTED,PHYSICAL,0,FIXED_DURATION_AND_UNITS,ACTIVITY,NORMAL,240,0,0,0,0,0,0,160,ALL_WITHIN,BOTH_NOT_COMPLETE,False,3,0,0,0,False,240,0,0,0,0,0,240,240,0,LS65-1130,2022-04-07,2022-04-07,2022-04-07,2022-05-05,2022-04-07,2022-05-05,PL6,R2,CIVIL,LS 6,geo-polyline-6,2022-04-01,2021-11-23,2022-04-01,2022-04-01,2022-04-01,2022-04-29,2022-04-07,2022-04-07,2022-04-07,2022-05-05,2022-04-07,2022-05-05,8689.26299308184,{17452E0B-21FC-4159-81B2-1F36AB14D189}
10,3,136550,schedule.specialist@aec.com,28401,082182,2022-04-08,46203,44215,28401,PRE_MITIGATED,44215,50215,2021-11-23,Default Calendar,COST,0,40,40,1,240,0,240,0,0,False,False,1,2022-04-08,2022-04-08,2022-05-06T08:00:00.+0000,40,0,Set Rebar Cage,0,0,0.0,0.0,0,0,26400,26400,0,0,0,0,26400,26400,0,26400,26400,0,0,0,0,26400,26400,0,0,0,0,0,0,0,0,0,0,26400,26400,0,0,0,0,26400,26400,0,0,0,0,0,0,0,0,0,0,0,0,0,0,0,0,0,0,0,0,0,0,0,0,0,0,26400,26400,0.0,0,0.0,0,0,26400,26400,26400,26400,0,0,0,0,0,0,0,0,1,False,0,0,2022-04-08,2022-05-06,NONE,0,0,0,0,0,0,160,NOT_STARTED,PHYSICAL,0,FIXED_DURATION_AND_UNITS,ACTIVITY,NORMAL,240,0,0,0,0,0,0,160,ALL_WITHIN,BOTH_NOT_COMPLETE,False,3,0,0,0,False,240,0,0,0,0,0,240,240,0,LS65-1140,2022-04-14,2022-04-14,2022-04-14,2022-05-12,2022-04-14,2022-05-12,PL6,R2,CIVIL,LS 6,geo-polyline-6,2022-04-08,2021-11-23,2022-04-08,2022-04-08,2022-04-08,2022-05-06,2022-04-14,2022-04-14,2022-04-14,2022-05-12,2022-04-14,2022-05-12,8689.26299308184,{D61294DB-A727-481C-858B-27FFAF53FDEA}
11,3,136600,schedule.specialist@aec.com,28401,082182,2022-04-15,46203,44216,28401,PRE_MITIGATED,44216,50216,2021-11-23,Default Calendar,COST,0,80,80,1,480,0,480,0,0,False,False,1,2022-04-15,2022-04-15,2022-05-13T08:00:00.+0000,80,0,Pour Concrete,0,0,0.0,0.0,0,0,52800,52800,0,0,0,0,52800,52800,0,52800,52800,0,0,0,0,52800,52800,0,0,0,0,0,0,0,0,0,0,52800,52800,0,0,0,0,52800,52800,0,0,0,0,0,0,0,0,0,0,0,0,0,0,0,0,0,0,0,0,0,0,0,0,0,0,52800,52800,0.0,0,0.0,0,0,52800,52800,52800,52800,0,0,0,0,0,0,0,0,1,False,0,0,2022-04-15,2022-05-13,NONE,0,0,0,0,0,160,160,NOT_STARTED,PHYSICAL,0,FIXED_DURATION_AND_UNITS,ACTIVITY,NORMAL,480,0,0,0,0,0,0,160,ALL_WITHIN,BOTH_NOT_COMPLETE,False,3,0,0,0,False,480,0,0,0,0,0,480,480,0,LS65-1150,2022-04-28,2022-04-28,2022-04-28,2022-05-26,2022-04-28,2022-05-26,PL6,R2,CIVIL,LS 6,geo-polyline-6,2022-04-15,2021-11-23,2022-04-15,2022-04-15,2022-04-15,2022-05-13,2022-04-28,2022-04-28,2022-04-28,2022-05-26,2022-04-28,2022-05-26,8689.26299308184,{374857D1-E047-4B6C-AB95-76D157B63127}
12,1,136650,schedule.specialist@aec.com,28401,082182,2022-03-03,46204,44217,28401,PRE_MITIGATED,44217,50217,2021-11-23,Default Calendar,COST,0,40,40,1,40,0,40,0,0,False,False,1,2022-03-03,2022-03-03,2022-07-14T08:00:00.+0000,40,0,Testing,0,0,0.0,0.0,0,0,6000,6000,0,0,0,0,6000,6000,0,6000,6000,0,0,0,0,6000,6000,0,0,0,0,0,0,0,0,0,0,6000,6000,0,0,0,0,6000,6000,0,0,0,0,0,0,0,0,0,0,0,0,0,0,0,0,0,0,0,0,0,0,0,0,0,0,6000,6000,0.0,0,0.0,0,0,6000,6000,6000,6000,0,0,0,0,0,0,0,0,1,False,0,0,2022-03-03,2022-07-14,NONE,0,0,0,0,0,760,760,NOT_STARTED,PHYSICAL,0,FIXED_DURATION_AND_UNITS,ACTIVITY,NORMAL,40,0,0,0,0,0,0,760,ALL_WITHIN,BOTH_NOT_COMPLETE,False,1,0,0,0,False,40,0,0,0,0,0,40,40,0,LS2-1010,2022-03-09,2022-03-09,2022-03-09,2022-07-20,2022-03-09,2022-07-20,PL2,R3,Lightening Industries,LS 2,geo-polyline-2,2022-03-03,2021-11-23,2022-03-03,2022-03-03,2022-03-03,2022-07-14,2022-03-09,2022-03-09,2022-03-09,2022-07-20,2022-03-09,2022-07-20,11681.65395332708,{04A1AE8E-A013-45AF-A2CF-503F23D240CE}
13,2,136700,schedule.specialist@aec.com,28401,082182,2022-02-17,46204,44218,28401,PRE_MITIGATED,44218,50218,2021-11-23,Default Calendar,COST,0,80,80,1,480,0,480,0,0,False,False,1,2022-02-17,2022-02-17,2022-06-30T08:00:00.+0000,80,0,Install OPGW,0,0,0.0,0.0,0,0,72000,72000,0,0,0,0,72000,72000,0,72000,72000,0,0,0,0,72000,72000,0,0,0,0,0,0,0,0,0,0,72000,72000,0,0,0,0,72000,72000,0,0,0,0,0,0,0,0,0,0,0,0,0,0,0,0,0,0,0,0,0,0,0,0,0,0,72000,72000,0.0,0,0.0,0,0,72000,72000,72000,72000,0,0,0,0,0,0,0,0,1,False,0,0,2022-02-17,2022-06-30,NONE,0,0,0,0,0,0,760,NOT_STARTED,PHYSICAL,0,FIXED_DURATION_AND_UNITS,ACTIVITY,NORMAL,480,0,0,0,0,0,0,760,ALL_WITHIN,BOTH_NOT_COMPLETE,False,2,0,0,0,False,480,0,0,0,0,0,480,480,0,LS2-1020,2022-03-02,2022-03-02,2022-03-02,2022-07-13,2022-03-02,2022-07-13,PL2,R3,Lightening Industries,LS 2,geo-polyline-2,2022-02-17,2021-11-23,2022-02-17,2022-02-17,2022-02-17,2022-06-30,2022-03-02,2022-03-02,2022-03-02,2022-07-13,2022-03-02,2022-07-13,11681.65395332708,{1F2A2D24-8732-4F9D-82F1-2E37530572DF}
14,4,136750,schedule.specialist@aec.com,28401,082182,2022-02-10,46204,44219,28401,PRE_MITIGATED,44219,50219,2021-11-23,Default Calendar,COST,0,40,40,1,240,0,240,0,0,False,False,1,2022-02-10,2022-02-10,2022-06-23T08:00:00.+0000,40,0,"Pull, Sag and Clip Conductor",0,0,0.0,0.0,0,0,36000,36000,0,0,0,0,36000,36000,0,36000,36000,0,0,0,0,36000,36000,0,0,0,0,0,0,0,0,0,0,36000,36000,0,0,0,0,36000,36000,0,0,0,0,0,0,0,0,0,0,0,0,0,0,0,0,0,0,0,0,0,0,0,0,0,0,36000,36000,0.0,0,0.0,0,0,36000,36000,36000,36000,0,0,0,0,0,0,0,0,1,False,0,0,2022-02-10,2022-06-23,NONE,0,0,0,0,0,0,760,NOT_STARTED,PHYSICAL,0,FIXED_DURATION_AND_UNITS,ACTIVITY,NORMAL,240,0,0,0,0,0,0,760,ALL_WITHIN,BOTH_NOT_COMPLETE,False,4,0,0,0,False,240,0,0,0,0,0,240,240,0,LS2-1030,2022-02-16,2022-02-16,2022-02-16,2022-06-29,2022-02-16,2022-06-29,PL2,R3,Lightening Industries,LS 2,geo-polyline-2,2022-02-10,2021-11-23,2022-02-10,2022-02-10,2022-02-10,2022-06-23,2022-02-16,2022-02-16,2022-02-16,2022-06-29,2022-02-16,2022-06-29,11681.65395332708,{AAF862AE-6BAB-4B70-BDE3-72D042C33CB2}
15,1,136800,schedule.specialist@aec.com,28401,082182,2022-01-20,46204,44220,28401,PRE_MITIGATED,44220,50220,2021-11-23,Default Calendar,COST,0,40,40,1,200,0,200,0,0,False,False,1,2022-01-20,2022-01-20,2022-06-02T08:00:00.+0000,40,0,Stage Material,0,0,0.0,0.0,0,0,30000,30000,0,0,0,0,30000,30000,0,30000,30000,0,0,0,0,30000,30000,0,0,0,0,0,0,0,0,0,0,30000,30000,0,0,0,0,30000,30000,0,0,0,0,0,0,0,0,0,0,0,0,0,0,0,0,0,0,0,0,0,0,0,0,0,0,30000,30000,0.0,0,0.0,0,0,30000,30000,30000,30000,0,0,0,0,0,0,0,0,1,False,0,0,2022-01-20,2022-06-02,NONE,0,0,0,0,0,0,760,NOT_STARTED,PHYSICAL,0,FIXED_DURATION_AND_UNITS,ACTIVITY,NORMAL,200,0,0,0,0,0,0,760,ALL_WITHIN,BOTH_NOT_COMPLETE,False,1,0,0,0,False,200,0,0,0,0,0,200,200,0,LS2-1040,2022-01-26,2022-01-26,2022-01-26,2022-06-08,2022-01-26,2022-06-08,PL2,R3,Lightening Industries,LS 2,geo-polyline-2,2022-01-20,2021-11-23,2022-01-20,2022-01-20,2022-01-20,2022-06-02,2022-01-26,2022-01-26,2022-01-26,2022-06-08,2022-01-26,2022-06-08,11681.65395332708,{9DC41972-E71A-4858-BDF2-D6D953A6B482}
16,3,136850,schedule.specialist@aec.com,28401,082182,2022-01-27,46204,44221,28401,PRE_MITIGATED,44221,50221,2021-11-23,Default Calendar,COST,0,80,80,1,500,0,500,0,0,False,False,1,2022-01-27,2022-01-27,2022-06-09T08:00:00.+0000,80,0,Set Structures,0,0,0.0,0.0,0,0,75000,75000,0,0,0,0,75000,75000,0,75000,75000,0,0,0,0,75000,75000,0,0,0,0,0,0,0,0,0,0,75000,75000,0,0,0,0,75000,75000,0,0,0,0,0,0,0,0,0,0,0,0,0,0,0,0,0,0,0,0,0,0,0,0,0,0,75000,75000,0.0,0,0.0,0,0,75000,75000,75000,75000,0,0,0,0,0,0,0,0,1,False,0,0,2022-01-27,2022-06-09,NONE,0,0,0,0,0,0,760,NOT_STARTED,PHYSICAL,0,FIXED_DURATION_AND_UNITS,ACTIVITY,NORMAL,500,0,0,0,0,0,0,760,ALL_WITHIN,BOTH_NOT_COMPLETE,False,3,0,0,0,False,500,0,0,0,0,0,500,500,0,LS2-1050,2022-02-09,2022-02-09,2022-02-09,2022-06-22,2022-02-09,2022-06-22,PL2,R3,Lightening Industries,LS 2,geo-polyline-2,2022-01-27,2021-11-23,2022-01-27,2022-01-27,2022-01-27,2022-06-09,2022-02-09,2022-02-09,2022-02-09,2022-06-22,2022-02-09,2022-06-22,11681.65395332708,{CC97291D-FD67-43BB-9647-F0CB81A4BA75}
17,1,137650,schedule.specialist@aec.com,28401,082182,2022-07-14,46205,44222,28401,PRE_MITIGATED,44222,50222,2021-11-23,Default Calendar,COST,0,40,40,1,40,0,40,0,0,True,False,1,2022-07-14,2022-07-14,2022-07-14T08:00:00.+0000,40,0,Testing,0,0,0.0,0.0,0,0,6000,6000,0,0,0,0,6000,6000,0,6000,6000,0,0,0,0,6000,6000,0,0,0,0,0,0,0,0,0,0,6000,6000,0,0,0,0,6000,6000,0,0,0,0,0,0,0,0,0,0,0,0,0,0,0,0,0,0,0,0,0,0,0,0,0,0,6000,6000,0.0,0,0.0,0,0,6000,6000,6000,6000,0,0,0,0,0,0,0,0,1,True,0,0,2022-07-14,2022-07-14,NONE,0,0,0,0,0,0,0,NOT_STARTED,PHYSICAL,0,FIXED_DURATION_AND_UNITS,ACTIVITY,NORMAL,40,0,0,0,0,0,0,0,ALL_WITHIN,BOTH_NOT_COMPLETE,False,1,0,0,0,False,40,0,0,0,0,0,40,40,0,LS6-1010,2022-07-20,2022-07-20,2022-07-20,2022-07-20,2022-07-20,2022-07-20,PL6,R3,Lightening Industries,LS 6,geo-polyline-6,2022-07-14,2021-11-23,2022-07-14,2022-07-14,2022-07-14,2022-07-14,2022-07-20,2022-07-20,2022-07-20,2022-07-20,2022-07-20,2022-07-20,8689.26299308184,{7F1E3E0A-22DA-49D7-9205-D4859B342854}
18,2,137700,schedule.specialist@aec.com,28401,082182,2022-06-30,46205,44223,28401,PRE_MITIGATED,44223,50223,2021-11-23,Default Calendar,COST,0,80,80,1,480,0,480,0,0,True,False,1,2022-06-30,2022-06-30,2022-06-30T08:00:00.+0000,80,0,Install OPGW,0,0,0.0,0.0,0,0,72000,72000,0,0,0,0,72000,72000,0,72000,72000,0,0,0,0,72000,72000,0,0,0,0,0,0,0,0,0,0,72000,72000,0,0,0,0,72000,72000,0,0,0,0,0,0,0,0,0,0,0,0,0,0,0,0,0,0,0,0,0,0,0,0,0,0,72000,72000,0.0,0,0.0,0,0,72000,72000,72000,72000,0,0,0,0,0,0,0,0,1,True,0,0,2022-06-30,2022-06-30,NONE,0,0,0,0,0,0,0,NOT_STARTED,PHYSICAL,0,FIXED_DURATION_AND_UNITS,ACTIVITY,NORMAL,480,0,0,0,0,0,0,0,ALL_WITHIN,BOTH_NOT_COMPLETE,False,2,0,0,0,False,480,0,0,0,0,0,480,480,0,LS6-1020,2022-07-13,2022-07-13,2022-07-13,2022-07-13,2022-07-13,2022-07-13,PL6,R3,Lightening Industries,LS 6,geo-polyline-6,2022-06-30,2021-11-23,2022-06-30,2022-06-30,2022-06-30,2022-06-30,2022-07-13,2022-07-13,2022-07-13,2022-07-13,2022-07-13,2022-07-13,8689.26299308184,{37918365-8C60-4731-9F00-0AC3986E6AB7}
19,4,137750,schedule.specialist@aec.com,28401,082182,2022-06-23,46205,44224,28401,PRE_MITIGATED,44224,50224,2021-11-23,Default Calendar,COST,0,40,40,1,240,0,240,0,0,True,False,1,2022-06-23,2022-06-23,2022-06-23T08:00:00.+0000,40,0,"Pull, Sag and Clip Conductor",0,0,0.0,0.0,0,0,36000,36000,0,0,0,0,36000,36000,0,36000,36000,0,0,0,0,36000,36000,0,0,0,0,0,0,0,0,0,0,36000,36000,0,0,0,0,36000,36000,0,0,0,0,0,0,0,0,0,0,0,0,0,0,0,0,0,0,0,0,0,0,0,0,0,0,36000,36000,0.0,0,0.0,0,0,36000,36000,36000,36000,0,0,0,0,0,0,0,0,1,True,0,0,2022-06-23,2022-06-23,NONE,0,0,0,0,0,0,0,NOT_STARTED,PHYSICAL,0,FIXED_DURATION_AND_UNITS,ACTIVITY,NORMAL,240,0,0,0,0,0,0,0,ALL_WITHIN,BOTH_NOT_COMPLETE,False,4,0,0,0,False,240,0,0,0,0,0,240,240,0,LS6-1030,2022-06-29,2022-06-29,2022-06-29,2022-06-29,2022-06-29,2022-06-29,PL6,R3,Lightening Industries,LS 6,geo-polyline-6,2022-06-23,2021-11-23,2022-06-23,2022-06-23,2022-06-23,2022-06-23,2022-06-29,2022-06-29,2022-06-29,2022-06-29,2022-06-29,2022-06-29,8689.26299308184,{562AFD68-4CEF-4E8A-B63B-6D3C74FCA875}
20,1,137800,schedule.specialist@aec.com,28401,082182,2022-06-02,46205,44225,28401,PRE_MITIGATED,44225,50225,2021-11-23,Default Calendar,COST,0,40,40,1,200,0,200,0,0,True,False,1,2022-06-02,2022-06-02,2022-06-02T08:00:00.+0000,40,0,Stage Material,0,0,0.0,0.0,0,0,30000,30000,0,0,0,0,30000,30000,0,30000,30000,0,0,0,0,30000,30000,0,0,0,0,0,0,0,0,0,0,30000,30000,0,0,0,0,30000,30000,0,0,0,0,0,0,0,0,0,0,0,0,0,0,0,0,0,0,0,0,0,0,0,0,0,0,30000,30000,0.0,0,0.0,0,0,30000,30000,30000,30000,0,0,0,0,0,0,0,0,1,True,0,0,2022-06-02,2022-06-02,NONE,0,0,0,0,0,0,0,NOT_STARTED,PHYSICAL,0,FIXED_DURATION_AND_UNITS,ACTIVITY,NORMAL,200,0,0,0,0,0,0,0,ALL_WITHIN,BOTH_NOT_COMPLETE,False,1,0,0,0,False,200,0,0,0,0,0,200,200,0,LS6-1040,2022-06-08,2022-06-08,2022-06-08,2022-06-08,2022-06-08,2022-06-08,PL6,R3,Lightening Industries,LS 6,geo-polyline-6,2022-06-02,2021-11-23,2022-06-02,2022-06-02,2022-06-02,2022-06-02,2022-06-08,2022-06-08,2022-06-08,2022-06-08,2022-06-08,2022-06-08,8689.26299308184,{3ACC16D1-2991-4155-B37B-AC9610FB3E0D}
21,3,137850,schedule.specialist@aec.com,28401,082182,2022-06-09,46205,44226,28401,PRE_MITIGATED,44226,50226,2021-11-23,Default Calendar,COST,0,80,80,1,480,0,480,0,0,True,False,1,2022-06-09,2022-06-09,2022-06-09T08:00:00.+0000,80,0,Set Structures,0,0,0.0,0.0,0,0,72000,72000,0,0,0,0,72000,72000,0,72000,72000,0,0,0,0,72000,72000,0,0,0,0,0,0,0,0,0,0,72000,72000,0,0,0,0,72000,72000,0,0,0,0,0,0,0,0,0,0,0,0,0,0,0,0,0,0,0,0,0,0,0,0,0,0,72000,72000,0.0,0,0.0,0,0,72000,72000,72000,72000,0,0,0,0,0,0,0,0,1,True,0,0,2022-06-09,2022-06-09,NONE,0,0,0,0,0,0,0,NOT_STARTED,PHYSICAL,0,FIXED_DURATION_AND_UNITS,ACTIVITY,NORMAL,480,0,0,0,0,0,0,0,ALL_WITHIN,BOTH_NOT_COMPLETE,False,3,0,0,0,False,480,0,0,0,0,0,480,480,0,LS6-1050,2022-06-22,2022-06-22,2022-06-22,2022-06-22,2022-06-22,2022-06-22,PL6,R3,Lightening Industries,LS 6,geo-polyline-6,2022-06-09,2021-11-23,2022-06-09,2022-06-09,2022-06-09,2022-06-09,2022-06-22,2022-06-22,2022-06-22,2022-06-22,2022-06-22,2022-06-22,8689.26299308184,{1897AB0C-C271-413C-BB91-F3022F655D9E}
22,3,300,schedule.specialist@aec.com,28401,082182,2021-12-17,48203,44301,28401,PRE_MITIGATED,44301,50301,2021-11-23,Default Calendar,COST,0,40,40,1,240,0,240,0,0,False,False,1,2021-12-17,2021-12-17,2022-01-14T08:00:00.+0000,40,0,Drill Foundations,0,0,0.0,0.0,0,0,26400,26400,0,0,0,0,26400,26400,0,26400,26400,0,0,0,0,26400,26400,0,0,0,0,0,0,0,0,0,0,26400,26400,0,0,0,0,26400,26400,0,0,0,0,0,0,0,0,0,0,0,0,0,0,0,0,0,0,0,0,0,0,0,0,0,0,26400,26400,0.0,0,0.0,0,0,26400,26400,26400,26400,0,0,0,0,0,0,0,0,1,False,0,0,2021-12-17,2022-01-14,NONE,0,0,0,0,0,0,160,NOT_STARTED,PHYSICAL,0,FIXED_DURATION_AND_UNITS,ACTIVITY,NORMAL,240,0,0,0,0,0,0,160,ALL_WITHIN,BOTH_NOT_COMPLETE,False,3,0,0,0,False,240,0,0,0,0,0,240,240,0,LS1-1080,2021-12-23,2021-12-23,2021-12-23,2022-01-20,2021-12-23,2022-01-20,PL1,R2,CIVIL,LS 1,geo-polyline-1,2021-12-17,2021-11-23,2021-12-17,2021-12-17,2021-12-17,2022-01-14,2021-12-23,2021-12-23,2021-12-23,2022-01-20,2021-12-23,2022-01-20,13208.072139127231,{2C42D0E6-A781-4D34-8F14-F1641401F6A9}
23,3,135350,schedule.specialist@aec.com,28401,082182,2022-01-27,48204,44302,28401,PRE_MITIGATED,44302,50302,2021-11-23,Default Calendar,COST,0,80,80,1,500,0,500,0,0,False,False,1,2022-01-27,2022-01-27,2022-06-09T08:00:00.+0000,80,0,Set Structures,0,0,0.0,0.0,0,0,75000,75000,0,0,0,0,75000,75000,0,75000,75000,0,0,0,0,75000,75000,0,0,0,0,0,0,0,0,0,0,75000,75000,0,0,0,0,75000,75000,0,0,0,0,0,0,0,0,0,0,0,0,0,0,0,0,0,0,0,0,0,0,0,0,0,0,75000,75000,0.0,0,0.0,0,0,75000,75000,75000,75000,0,0,0,0,0,0,0,0,1,False,0,0,2022-01-27,2022-06-09,NONE,0,0,0,0,0,0,760,NOT_STARTED,PHYSICAL,0,FIXED_DURATION_AND_UNITS,ACTIVITY,NORMAL,500,0,0,0,0,0,0,760,ALL_WITHIN,BOTH_NOT_COMPLETE,False,3,0,0,0,False,500,0,0,0,0,0,500,500,0,LS1-1050,2022-02-09,2022-02-09,2022-02-09,2022-06-22,2022-02-09,2022-06-22,PL1,R3,Lightening Industries,LS 1,geo-polyline-1,2022-01-27,2021-11-23,2022-01-27,2022-01-27,2022-01-27,2022-06-09,2022-02-09,2022-02-09,2022-02-09,2022-06-22,2022-02-09,2022-06-22,13208.072139127231,{6083D507-8449-4C67-827E-FED9BA5BD39B}
24,1,135650,schedule.specialist@aec.com,28401,082182,2022-01-21,48305,44303,28401,PRE_MITIGATED,44303,50303,2021-11-23,Default Calendar,COST,0,40,40,1,120,0,120,0,0,False,False,1,2022-01-21,2022-01-21,2022-02-04T08:00:00.+0000,40,0,Stage Material,0,0,0.0,0.0,0,0,13200,13200,0,0,0,0,13200,13200,0,13200,13200,0,0,0,0,13200,13200,0,0,0,0,0,0,0,0,0,0,13200,13200,0,0,0,0,13200,13200,0,0,0,0,0,0,0,0,0,0,0,0,0,0,0,0,0,0,0,0,0,0,0,0,0,0,13200,13200,0.0,0,0.0,0,0,13200,13200,13200,13200,0,0,0,0,0,0,0,0,1,False,0,0,2022-01-21,2022-02-04,NONE,0,0,0,0,0,0,80,NOT_STARTED,PHYSICAL,0,FIXED_DURATION_AND_UNITS,ACTIVITY,NORMAL,120,0,0,0,0,0,0,80,ALL_WITHIN,BOTH_NOT_COMPLETE,False,1,0,0,0,False,120,0,0,0,0,0,120,120,0,LS3-1110,2022-01-27,2022-01-27,2022-01-27,2022-02-10,2022-01-27,2022-02-10,PL3,R2,CIVIL,LS 3,geo-polyline-3,2022-01-21,2021-11-23,2022-01-21,2022-01-21,2022-01-21,2022-02-04,2022-01-27,2022-01-27,2022-01-27,2022-02-10,2022-01-27,2022-02-10,5272.957858994076,{6B92A84F-4A7C-4454-94F0-D974272CCA0E}
25,4,135700,schedule.specialist@aec.com,28401,082182,2021-12-31,48305,44304,28401,PRE_MITIGATED,44304,50304,2021-11-23,Default Calendar,COST,0,120,120,1,240,0,240,0,0,True,False,1,2021-12-31,2021-12-31,2021-12-31T08:00:00.+0000,120,0,ROW and Easement Clearing,0,0,0.0,0.0,0,0,27600,27600,0,0,0,0,27600,27600,0,27600,27600,0,0,0,0,27600,27600,0,0,0,0,0,0,0,0,0,0,27600,27600,0,0,0,0,27600,27600,0,0,0,0,0,0,0,0,0,0,0,0,0,0,0,0,0,0,0,0,0,0,0,0,0,0,27600,27600,0.0,0,0.0,0,0,27600,27600,27600,27600,0,0,0,0,0,0,0,0,1,True,0,0,2021-12-31,2021-12-31,NONE,0,0,0,0,0,0,0,NOT_STARTED,PHYSICAL,0,FIXED_DURATION_AND_UNITS,ACTIVITY,NORMAL,240,0,0,0,0,0,0,0,ALL_WITHIN,BOTH_NOT_COMPLETE,False,4,0,0,0,False,240,0,0,0,0,0,240,240,0,LS3-1120,2022-01-20,2022-01-20,2022-01-20,2022-01-20,2022-01-20,2022-01-20,PL3,"R1, R2","FICON, CIVIL",LS 3,geo-polyline-3,2021-12-31,2021-11-23,2021-12-31,2021-12-31,2021-12-31,2021-12-31,2022-01-20,2022-01-20,2022-01-20,2022-01-20,2022-01-20,2022-01-20,5272.957858994076,{FB2A140F-AEBD-4325-B72C-6868BF92E268}
26,3,135750,schedule.specialist@aec.com,28401,082182,2022-01-28,48305,44305,28401,PRE_MITIGATED,44305,50305,2021-11-23,Default Calendar,COST,0,40,40,1,240,0,240,0,0,False,False,1,2022-01-28,2022-01-28,2022-02-11T08:00:00.+0000,40,0,Drill Foundations,0,0,0.0,0.0,0,0,26400,26400,0,0,0,0,26400,26400,0,26400,26400,0,0,0,0,26400,26400,0,0,0,0,0,0,0,0,0,0,26400,26400,0,0,0,0,26400,26400,0,0,0,0,0,0,0,0,0,0,0,0,0,0,0,0,0,0,0,0,0,0,0,0,0,0,26400,26400,0.0,0,0.0,0,0,26400,26400,26400,26400,0,0,0,0,0,0,0,0,1,False,0,0,2022-01-28,2022-02-11,NONE,0,0,0,0,0,0,80,NOT_STARTED,PHYSICAL,0,FIXED_DURATION_AND_UNITS,ACTIVITY,NORMAL,240,0,0,0,0,0,0,80,ALL_WITHIN,BOTH_NOT_COMPLETE,False,3,0,0,0,False,240,0,0,0,0,0,240,240,0,LS3-1130,2022-02-03,2022-02-03,2022-02-03,2022-02-17,2022-02-03,2022-02-17,PL3,R2,CIVIL,LS 3,geo-polyline-3,2022-01-28,2021-11-23,2022-01-28,2022-01-28,2022-01-28,2022-02-11,2022-02-03,2022-02-03,2022-02-03,2022-02-17,2022-02-03,2022-02-17,5272.957858994076,{1A6967D6-7C23-4BEC-8727-64A05717F37C}
27,3,135800,schedule.specialist@aec.com,28401,082182,2022-02-04,48305,44306,28401,PRE_MITIGATED,44306,50306,2021-11-23,Default Calendar,COST,0,40,40,1,240,0,240,0,0,False,False,1,2022-02-04,2022-02-04,2022-02-18T08:00:00.+0000,40,0,Set Rebar Cage,0,0,0.0,0.0,0,0,26400,26400,0,0,0,0,26400,26400,0,26400,26400,0,0,0,0,26400,26400,0,0,0,0,0,0,0,0,0,0,26400,26400,0,0,0,0,26400,26400,0,0,0,0,0,0,0,0,0,0,0,0,0,0,0,0,0,0,0,0,0,0,0,0,0,0,26400,26400,0.0,0,0.0,0,0,26400,26400,26400,26400,0,0,0,0,0,0,0,0,1,False,0,0,2022-02-04,2022-02-18,NONE,0,0,0,0,0,0,80,NOT_STARTED,PHYSICAL,0,FIXED_DURATION_AND_UNITS,ACTIVITY,NORMAL,240,0,0,0,0,0,0,80,ALL_WITHIN,BOTH_NOT_COMPLETE,False,3,0,0,0,False,240,0,0,0,0,0,240,240,0,LS3-1140,2022-02-10,2022-02-10,2022-02-10,2022-02-24,2022-02-10,2022-02-24,PL3,R2,CIVIL,LS 3,geo-polyline-3,2022-02-04,2021-11-23,2022-02-04,2022-02-04,2022-02-04,2022-02-18,2022-02-10,2022-02-10,2022-02-10,2022-02-24,2022-02-10,2022-02-24,5272.957858994076,{273AD227-3A31-49F9-B186-651E6EBA29E9}
28,3,135850,schedule.specialist@aec.com,28401,082182,2022-02-11,48305,44307,28401,PRE_MITIGATED,44307,50307,2021-11-23,Default Calendar,COST,0,80,80,1,480,0,480,0,0,False,False,1,2022-02-11,2022-02-11,2022-02-25T08:00:00.+0000,80,0,Pour Concrete,0,0,0.0,0.0,0,0,52800,52800,0,0,0,0,52800,52800,0,52800,52800,0,0,0,0,52800,52800,0,0,0,0,0,0,0,0,0,0,52800,52800,0,0,0,0,52800,52800,0,0,0,0,0,0,0,0,0,0,0,0,0,0,0,0,0,0,0,0,0,0,0,0,0,0,52800,52800,0.0,0,0.0,0,0,52800,52800,52800,52800,0,0,0,0,0,0,0,0,1,False,0,0,2022-02-11,2022-02-25,NONE,0,0,0,0,0,0,80,NOT_STARTED,PHYSICAL,0,FIXED_DURATION_AND_UNITS,ACTIVITY,NORMAL,480,0,0,0,0,0,0,80,ALL_WITHIN,BOTH_NOT_COMPLETE,False,3,0,0,0,False,480,0,0,0,0,0,480,480,0,LS3-1150,2022-02-24,2022-02-24,2022-02-24,2022-03-10,2022-02-24,2022-03-10,PL3,R2,CIVIL,LS 3,geo-polyline-3,2022-02-11,2021-11-23,2022-02-11,2022-02-11,2022-02-11,2022-02-25,2022-02-24,2022-02-24,2022-02-24,2022-03-10,2022-02-24,2022-03-10,5272.957858994076,{55A415A1-3B67-4761-92A4-0EC2EDC3D3FE}
29,1,137400,schedule.specialist@aec.com,28401,082182,2022-05-26,48306,44308,28401,PRE_MITIGATED,44308,50308,2021-11-23,Default Calendar,COST,0,40,40,1,40,0,40,0,0,True,False,1,2022-05-26,2022-05-26,2022-05-26T08:00:00.+0000,40,0,Testing,0,0,0.0,0.0,0,0,6000,6000,0,0,0,0,6000,6000,0,6000,6000,0,0,0,0,6000,6000,0,0,0,0,0,0,0,0,0,0,6000,6000,0,0,0,0,6000,6000,0,0,0,0,0,0,0,0,0,0,0,0,0,0,0,0,0,0,0,0,0,0,0,0,0,0,6000,6000,0.0,0,0.0,0,0,6000,6000,6000,6000,0,0,0,0,0,0,0,0,1,True,0,0,2022-05-26,2022-05-26,NONE,0,0,0,0,0,0,0,NOT_STARTED,PHYSICAL,0,FIXED_DURATION_AND_UNITS,ACTIVITY,NORMAL,40,0,0,0,0,0,0,0,ALL_WITHIN,BOTH_NOT_COMPLETE,False,1,0,0,0,False,40,0,0,0,0,0,40,40,0,LS5-1010,2022-06-01,2022-06-01,2022-06-01,2022-06-01,2022-06-01,2022-06-01,PL5,R3,Lightening Industries,LS 5,geo-polyline-5,2022-05-26,2021-11-23,2022-05-26,2022-05-26,2022-05-26,2022-05-26,2022-06-01,2022-06-01,2022-06-01,2022-06-01,2022-06-01,2022-06-01,5606.756374387771,{094B89F5-3C13-424A-AC19-0418246DA885}
30,2,137450,schedule.specialist@aec.com,28401,082182,2022-05-12,48306,44309,28401,PRE_MITIGATED,44309,50309,2021-11-23,Default Calendar,COST,0,80,80,1,480,0,480,0,0,True,False,1,2022-05-12,2022-05-12,2022-05-12T08:00:00.+0000,80,0,Install OPGW,0,0,0.0,0.0,0,0,72000,72000,0,0,0,0,72000,72000,0,72000,72000,0,0,0,0,72000,72000,0,0,0,0,0,0,0,0,0,0,72000,72000,0,0,0,0,72000,72000,0,0,0,0,0,0,0,0,0,0,0,0,0,0,0,0,0,0,0,0,0,0,0,0,0,0,72000,72000,0.0,0,0.0,0,0,72000,72000,72000,72000,0,0,0,0,0,0,0,0,1,True,0,0,2022-05-12,2022-05-12,NONE,0,0,0,0,0,0,0,NOT_STARTED,PHYSICAL,0,FIXED_DURATION_AND_UNITS,ACTIVITY,NORMAL,480,0,0,0,0,0,0,0,ALL_WITHIN,BOTH_NOT_COMPLETE,False,2,0,0,0,False,480,0,0,0,0,0,480,480,0,LS5-1020,2022-05-25,2022-05-25,2022-05-25,2022-05-25,2022-05-25,2022-05-25,PL5,R3,Lightening Industries,LS 5,geo-polyline-5,2022-05-12,2021-11-23,2022-05-12,2022-05-12,2022-05-12,2022-05-12,2022-05-25,2022-05-25,2022-05-25,2022-05-25,2022-05-25,2022-05-25,5606.756374387771,{FC420520-D2E4-4FF2-9370-48D2C1E5B884}
31,4,137500,schedule.specialist@aec.com,28401,082182,2022-05-05,48306,44310,28401,PRE_MITIGATED,44310,50310,2021-11-23,Default Calendar,COST,0,40,40,1,240,0,240,0,0,True,False,1,2022-05-05,2022-05-05,2022-05-05T08:00:00.+0000,40,0,"Pull, Sag and Clip Conductor",0,0,0.0,0.0,0,0,36000,36000,0,0,0,0,36000,36000,0,36000,36000,0,0,0,0,36000,36000,0,0,0,0,0,0,0,0,0,0,36000,36000,0,0,0,0,36000,36000,0,0,0,0,0,0,0,0,0,0,0,0,0,0,0,0,0,0,0,0,0,0,0,0,0,0,36000,36000,0.0,0,0.0,0,0,36000,36000,36000,36000,0,0,0,0,0,0,0,0,1,True,0,0,2022-05-05,2022-05-05,NONE,0,0,0,0,0,0,0,NOT_STARTED,PHYSICAL,0,FIXED_DURATION_AND_UNITS,ACTIVITY,NORMAL,240,0,0,0,0,0,0,0,ALL_WITHIN,BOTH_NOT_COMPLETE,False,4,0,0,0,False,240,0,0,0,0,0,240,240,0,LS5-1030,2022-05-11,2022-05-11,2022-05-11,2022-05-11,2022-05-11,2022-05-11,PL5,R3,Lightening Industries,LS 5,geo-polyline-5,2022-05-05,2021-11-23,2022-05-05,2022-05-05,2022-05-05,2022-05-05,2022-05-11,2022-05-11,2022-05-11,2022-05-11,2022-05-11,2022-05-11,5606.756374387771,{5E678351-7F8B-43AB-9CE5-4269ABB6B41E}
32,1,137550,schedule.specialist@aec.com,28401,082182,2022-04-14,48306,44311,28401,PRE_MITIGATED,44311,50311,2021-11-23,Default Calendar,COST,0,40,40,1,200,0,200,0,0,True,False,1,2022-04-14,2022-04-14,2022-04-14T08:00:00.+0000,40,0,Stage Material,0,0,0.0,0.0,0,0,30000,30000,0,0,0,0,30000,30000,0,30000,30000,0,0,0,0,30000,30000,0,0,0,0,0,0,0,0,0,0,30000,30000,0,0,0,0,30000,30000,0,0,0,0,0,0,0,0,0,0,0,0,0,0,0,0,0,0,0,0,0,0,0,0,0,0,30000,30000,0.0,0,0.0,0,0,30000,30000,30000,30000,0,0,0,0,0,0,0,0,1,True,0,0,2022-04-14,2022-04-14,NONE,0,0,0,0,0,0,0,NOT_STARTED,PHYSICAL,0,FIXED_DURATION_AND_UNITS,ACTIVITY,NORMAL,200,0,0,0,0,0,0,0,ALL_WITHIN,BOTH_NOT_COMPLETE,False,1,0,0,0,False,200,0,0,0,0,0,200,200,0,LS5-1040,2022-04-20,2022-04-20,2022-04-20,2022-04-20,2022-04-20,2022-04-20,PL5,R3,Lightening Industries,LS 5,geo-polyline-5,2022-04-14,2021-11-23,2022-04-14,2022-04-14,2022-04-14,2022-04-14,2022-04-20,2022-04-20,2022-04-20,2022-04-20,2022-04-20,2022-04-20,5606.756374387771,{4AC70053-E616-402C-8291-44C08BB9962B}
33,3,137600,schedule.specialist@aec.com,28401,082182,2022-04-21,48306,44312,28401,PRE_MITIGATED,44312,50312,2021-11-23,Default Calendar,COST,0,80,80,1,480,0,480,0,0,True,False,1,2022-04-21,2022-04-21,2022-04-21T08:00:00.+0000,80,0,Set Structures,0,0,0.0,0.0,0,0,72000,72000,0,0,0,0,72000,72000,0,72000,72000,0,0,0,0,72000,72000,0,0,0,0,0,0,0,0,0,0,72000,72000,0,0,0,0,72000,72000,0,0,0,0,0,0,0,0,0,0,0,0,0,0,0,0,0,0,0,0,0,0,0,0,0,0,72000,72000,0.0,0,0.0,0,0,72000,72000,72000,72000,0,0,0,0,0,0,0,0,1,True,0,0,2022-04-21,2022-04-21,NONE,0,0,0,0,0,0,0,NOT_STARTED,PHYSICAL,0,FIXED_DURATION_AND_UNITS,ACTIVITY,NORMAL,480,0,0,0,0,0,0,0,ALL_WITHIN,BOTH_NOT_COMPLETE,False,3,0,0,0,False,480,0,0,0,0,0,480,480,0,LS5-1050,2022-05-04,2022-05-04,2022-05-04,2022-05-04,2022-05-04,2022-05-04,PL5,R3,Lightening Industries,LS 5,geo-polyline-5,2022-04-21,2021-11-23,2022-04-21,2022-04-21,2022-04-21,2022-04-21,2022-05-04,2022-05-04,2022-05-04,2022-05-04,2022-05-04,2022-05-04,5606.756374387771,{F9C22039-4D9D-4D4C-8B53-49E15ACE480B}
34,4,200,schedule.specialist@aec.com,28401,082182,2021-12-06,48203,46203,28401,PRE_MITIGATED,46203,52203,2021-11-23,Default Calendar,COST,0,32,32,1,375,0,375,0,0,True,False,1,2021-12-06,2021-12-06,2021-12-06T08:00:00.+0000,32,0,ROW and Easement Clearing,0,0,14416.666667,-14416.666667,0,0,43250,43250,0,0,0,0,43250,43250,0,43250,43250,0,0,0,0,43250,43250,0,0,0,0,0,0,0,0,0,0,43250,43250,0,0,0,0,43250,43250,0,0,0,0,0,0,0,0,0,0,0,0,0,0,0,0,0,0,0,0,0,0,0,0,0,0,43250,43250,14416.666667,0,-14416.666667,0,0,43250,43250,43250,43250,0,0,0,-1,0,0,0,0,1,True,0,0,2021-12-06,2021-12-06,NONE,0,0,0,0,0,0,0,NOT_STARTED,PHYSICAL,0,FIXED_DURATION_AND_UNITS,ACTIVITY,NORMAL,375,0,0,0,0,0,0,0,ALL_WITHIN,BOTH_NOT_COMPLETE,False,4,0,0,0,False,375,125,-125,-1,0,0,375,375,0,LS1-1060,2021-12-09,2021-12-09,2021-12-09,2021-12-09,2021-12-09,2021-12-09,PL1,"R1, R2","FICON, CIVIL",LS 1,geo-polyline-1,2021-12-06,2021-11-23,2021-12-06,2021-12-06,2021-12-06,2021-12-06,2021-12-09,2021-12-09,2021-12-09,2021-12-09,2021-12-09,2021-12-09,13208.072139127231,{9F865443-0F7C-41C1-9CB9-287BBE4E95C6}
35,1,100,schedule.specialist@aec.com,28401,082182,2021-12-10,48203,46204,28401,PRE_MITIGATED,46204,52204,2021-11-23,Default Calendar,COST,0,40,40,1,120,0,120,0,0,False,False,1,2021-12-10,2021-12-10,2022-01-07T08:00:00.+0000,40,0,Stage Material,0,0,0.0,0.0,0,0,13200,13200,0,0,0,0,13200,13200,0,13200,13200,0,0,0,0,13200,13200,0,0,0,0,0,0,0,0,0,0,13200,13200,0,0,0,0,13200,13200,0,0,0,0,0,0,0,0,0,0,0,0,0,0,0,0,0,0,0,0,0,0,0,0,0,0,13200,13200,0.0,0,0.0,0,0,13200,13200,13200,13200,0,0,0,0,0,0,0,0,1,False,0,0,2021-12-10,2022-01-07,NONE,0,0,0,0,0,0,160,NOT_STARTED,PHYSICAL,0,FIXED_DURATION_AND_UNITS,ACTIVITY,NORMAL,120,0,0,0,0,0,0,160,ALL_WITHIN,BOTH_NOT_COMPLETE,False,1,0,0,0,False,120,0,0,0,0,0,120,120,0,LS1-1070,2021-12-16,2021-12-16,2021-12-16,2022-01-13,2021-12-16,2022-01-13,PL1,R2,CIVIL,LS 1,geo-polyline-1,2021-12-10,2021-11-23,2021-12-10,2021-12-10,2021-12-10,2022-01-07,2021-12-16,2021-12-16,2021-12-16,2022-01-13,2021-12-16,2022-01-13,13208.072139127231,{9FA0CB60-AB2C-4F4E-BDCF-4A5C029E8D7F}
36,1,135400,schedule.specialist@aec.com,28401,082182,2021-12-31,48205,46205,28401,PRE_MITIGATED,46205,52205,2021-11-23,Default Calendar,COST,0,40,40,1,120,0,120,0,0,False,False,1,2021-12-31,2021-12-31,2022-01-21T08:00:00.+0000,40,0,Stage Material Structures 16-30,0,0,0.0,0.0,0,0,13200,13200,0,0,0,0,13200,13200,0,13200,13200,0,0,0,0,13200,13200,0,0,0,0,0,0,0,0,0,0,13200,13200,0,0,0,0,13200,13200,0,0,0,0,0,0,0,0,0,0,0,0,0,0,0,0,0,0,0,0,0,0,0,0,0,0,13200,13200,0.0,0,0.0,0,0,13200,13200,13200,13200,0,0,0,0,0,0,0,0,1,False,0,0,2021-12-31,2022-01-21,NONE,0,0,0,0,0,0,120,NOT_STARTED,PHYSICAL,0,FIXED_DURATION_AND_UNITS,ACTIVITY,NORMAL,120,0,0,0,0,0,0,120,ALL_WITHIN,BOTH_NOT_COMPLETE,False,1,0,0,0,False,120,0,0,0,0,0,120,120,0,LS2-1070,2022-01-06,2022-01-06,2022-01-06,2022-01-27,2022-01-06,2022-01-27,PL2,R2,CIVIL,LS 2,geo-polyline-2,2021-12-31,2021-11-23,2021-12-31,2021-12-31,2021-12-31,2022-01-21,2022-01-06,2022-01-06,2022-01-06,2022-01-27,2022-01-06,2022-01-27,11681.65395332708,{9402DC8E-5C30-450C-9E92-1AA4E3FB21AA}
37,4,135450,schedule.specialist@aec.com,28401,082182,2021-12-10,48205,46206,28401,PRE_MITIGATED,46206,52206,2021-11-23,Default Calendar,COST,0,120,120,1,370,0,370,0,0,True,False,1,2021-12-10,2021-12-10,2021-12-10T08:00:00.+0000,120,0,ROW and Easement Clearing,0,0,0.0,0.0,0,0,42700,42700,0,0,0,0,42700,42700,0,42700,42700,0,0,0,0,42700,42700,0,0,0,0,0,0,0,0,0,0,42700,42700,0,0,0,0,42700,42700,0,0,0,0,0,0,0,0,0,0,0,0,0,0,0,0,0,0,0,0,0,0,0,0,0,0,42700,42700,0.0,0,0.0,0,0,42700,42700,42700,42700,0,0,0,0,0,0,0,0,1,True,0,0,2021-12-10,2021-12-10,NONE,0,0,0,0,0,0,0,NOT_STARTED,PHYSICAL,0,FIXED_DURATION_AND_UNITS,ACTIVITY,NORMAL,370,0,0,0,0,0,0,0,ALL_WITHIN,BOTH_NOT_COMPLETE,False,4,0,0,0,False,370,0,0,0,0,0,370,370,0,LS2-1060,2021-12-30,2021-12-30,2021-12-30,2021-12-30,2021-12-30,2021-12-30,PL2,"R1, R2","FICON, CIVIL",LS 2,geo-polyline-2,2021-12-10,2021-11-23,2021-12-10,2021-12-10,2021-12-10,2021-12-10,2021-12-30,2021-12-30,2021-12-30,2021-12-30,2021-12-30,2021-12-30,11681.65395332708,{0039B878-34DB-4F64-9DA8-B8D2134D2987}
38,3,135500,schedule.specialist@aec.com,28401,082182,2022-01-07,48205,46207,28401,PRE_MITIGATED,46207,52207,2021-11-23,Default Calendar,COST,0,40,40,1,240,0,240,0,0,False,False,1,2022-01-07,2022-01-07,2022-01-28T08:00:00.+0000,40,0,Drill Foundations,0,0,0.0,0.0,0,0,26400,26400,0,0,0,0,26400,26400,0,26400,26400,0,0,0,0,26400,26400,0,0,0,0,0,0,0,0,0,0,26400,26400,0,0,0,0,26400,26400,0,0,0,0,0,0,0,0,0,0,0,0,0,0,0,0,0,0,0,0,0,0,0,0,0,0,26400,26400,0.0,0,0.0,0,0,26400,26400,26400,26400,0,0,0,0,0,0,0,0,1,False,0,0,2022-01-07,2022-01-28,NONE,0,0,0,0,0,0,120,NOT_STARTED,PHYSICAL,0,FIXED_DURATION_AND_UNITS,ACTIVITY,NORMAL,240,0,0,0,0,0,0,120,ALL_WITHIN,BOTH_NOT_COMPLETE,False,3,0,0,0,False,240,0,0,0,0,0,240,240,0,LS2-1080,2022-01-13,2022-01-13,2022-01-13,2022-02-03,2022-01-13,2022-02-03,PL2,R2,CIVIL,LS 2,geo-polyline-2,2022-01-07,2021-11-23,2022-01-07,2022-01-07,2022-01-07,2022-01-28,2022-01-13,2022-01-13,2022-01-13,2022-02-03,2022-01-13,2022-02-03,11681.65395332708,{A6C4ED0C-287C-40F0-8C29-A6E162F3B772}
39,3,135550,schedule.specialist@aec.com,28401,082182,2022-01-14,48205,46208,28401,PRE_MITIGATED,46208,52208,2021-11-23,Default Calendar,COST,0,40,40,1,240,0,240,0,0,False,False,1,2022-01-14,2022-01-14,2022-02-04T08:00:00.+0000,40,0,Set Rebar Cage,0,0,0.0,0.0,0,0,26400,26400,0,0,0,0,26400,26400,0,26400,26400,0,0,0,0,26400,26400,0,0,0,0,0,0,0,0,0,0,26400,26400,0,0,0,0,26400,26400,0,0,0,0,0,0,0,0,0,0,0,0,0,0,0,0,0,0,0,0,0,0,0,0,0,0,26400,26400,0.0,0,0.0,0,0,26400,26400,26400,26400,0,0,0,0,0,0,0,0,1,False,0,0,2022-01-14,2022-02-04,NONE,0,0,0,0,0,0,120,NOT_STARTED,PHYSICAL,0,FIXED_DURATION_AND_UNITS,ACTIVITY,NORMAL,240,0,0,0,0,0,0,120,ALL_WITHIN,BOTH_NOT_COMPLETE,False,3,0,0,0,False,240,0,0,0,0,0,240,240,0,LS2-1100,2022-01-20,2022-01-20,2022-01-20,2022-02-10,2022-01-20,2022-02-10,PL2,R2,CIVIL,LS 2,geo-polyline-2,2022-01-14,2021-11-23,2022-01-14,2022-01-14,2022-01-14,2022-02-04,2022-01-20,2022-01-20,2022-01-20,2022-02-10,2022-01-20,2022-02-10,11681.65395332708,{B1517A11-3036-4E10-BABF-9E90637CA4CE}
40,3,135600,schedule.specialist@aec.com,28401,082182,2022-01-21,48205,46209,28401,PRE_MITIGATED,46209,52209,2021-11-23,Default Calendar,COST,0,80,80,1,480,0,480,0,0,False,False,1,2022-01-21,2022-01-21,2022-02-11T08:00:00.+0000,80,0,Pour Concrete,0,0,0.0,0.0,0,0,52800,52800,0,0,0,0,52800,52800,0,52800,52800,0,0,0,0,52800,52800,0,0,0,0,0,0,0,0,0,0,52800,52800,0,0,0,0,52800,52800,0,0,0,0,0,0,0,0,0,0,0,0,0,0,0,0,0,0,0,0,0,0,0,0,0,0,52800,52800,0.0,0,0.0,0,0,52800,52800,52800,52800,0,0,0,0,0,0,0,0,1,False,0,0,2022-01-21,2022-02-11,NONE,0,0,0,0,0,0,120,NOT_STARTED,PHYSICAL,0,FIXED_DURATION_AND_UNITS,ACTIVITY,NORMAL,480,0,0,0,0,0,0,120,ALL_WITHIN,BOTH_NOT_COMPLETE,False,3,0,0,0,False,480,0,0,0,0,0,480,480,0,LS2-1090,2022-02-03,2022-02-03,2022-02-03,2022-02-24,2022-02-03,2022-02-24,PL2,R2,CIVIL,LS 2,geo-polyline-2,2022-01-21,2021-11-23,2022-01-21,2022-01-21,2022-01-21,2022-02-11,2022-02-03,2022-02-03,2022-02-03,2022-02-24,2022-02-03,2022-02-24,11681.65395332708,{04FEAF24-E925-453C-B686-AE40C5EE7E20}
41,1,135900,schedule.specialist@aec.com,28401,082182,2022-02-11,48206,46210,28401,PRE_MITIGATED,46210,52210,2021-11-23,Default Calendar,COST,0,40,40,1,120,0,120,0,0,False,False,1,2022-02-11,2022-02-11,2022-02-18T08:00:00.+0000,40,0,Stage Material,0,0,0.0,0.0,0,0,13200,13200,0,0,0,0,13200,13200,0,13200,13200,0,0,0,0,13200,13200,0,0,0,0,0,0,0,0,0,0,13200,13200,0,0,0,0,13200,13200,0,0,0,0,0,0,0,0,0,0,0,0,0,0,0,0,0,0,0,0,0,0,0,0,0,0,13200,13200,0.0,0,0.0,0,0,13200,13200,13200,13200,0,0,0,0,0,0,0,0,1,False,0,0,2022-02-11,2022-02-18,NONE,0,0,0,0,0,0,40,NOT_STARTED,PHYSICAL,0,FIXED_DURATION_AND_UNITS,ACTIVITY,NORMAL,120,0,0,0,0,0,0,40,ALL_WITHIN,BOTH_NOT_COMPLETE,False,1,0,0,0,False,120,0,0,0,0,0,120,120,0,LS4-1110,2022-02-17,2022-02-17,2022-02-17,2022-02-24,2022-02-17,2022-02-24,PL4,R2,CIVIL,LS 4,geo-polyline-4,2022-02-11,2021-11-23,2022-02-11,2022-02-11,2022-02-11,2022-02-18,2022-02-17,2022-02-17,2022-02-17,2022-02-24,2022-02-17,2022-02-24,9571.861212606835,{BDBBBD47-B5FB-48BB-92D6-BCF7CE78D6B1}
42,4,135950,schedule.specialist@aec.com,28401,082182,2022-01-21,48206,46211,28401,PRE_MITIGATED,46211,52211,2021-11-23,Default Calendar,COST,0,120,120,1,240,0,240,0,0,True,False,1,2022-01-21,2022-01-21,2022-01-21T08:00:00.+0000,120,0,ROW and Easement Clearing,0,0,0.0,0.0,0,0,27600,27600,0,0,0,0,27600,27600,0,27600,27600,0,0,0,0,27600,27600,0,0,0,0,0,0,0,0,0,0,27600,27600,0,0,0,0,27600,27600,0,0,0,0,0,0,0,0,0,0,0,0,0,0,0,0,0,0,0,0,0,0,0,0,0,0,27600,27600,0.0,0,0.0,0,0,27600,27600,27600,27600,0,0,0,0,0,0,0,0,1,True,0,0,2022-01-21,2022-01-21,NONE,0,0,0,0,0,0,0,NOT_STARTED,PHYSICAL,0,FIXED_DURATION_AND_UNITS,ACTIVITY,NORMAL,240,0,0,0,0,0,0,0,ALL_WITHIN,BOTH_NOT_COMPLETE,False,4,0,0,0,False,240,0,0,0,0,0,240,240,0,LS4-1120,2022-02-10,2022-02-10,2022-02-10,2022-02-10,2022-02-10,2022-02-10,PL4,"R1, R2","FICON, CIVIL",LS 4,geo-polyline-4,2022-01-21,2021-11-23,2022-01-21,2022-01-21,2022-01-21,2022-01-21,2022-02-10,2022-02-10,2022-02-10,2022-02-10,2022-02-10,2022-02-10,9571.861212606835,{3A94DD21-1374-4F1E-9903-360139DCCA0F}
43,3,136000,schedule.specialist@aec.com,28401,082182,2022-02-18,48206,46212,28401,PRE_MITIGATED,46212,52212,2021-11-23,Default Calendar,COST,0,40,40,1,240,0,240,0,0,False,False,1,2022-02-18,2022-02-18,2022-02-25T08:00:00.+0000,40,0,Drill Foundations,0,0,0.0,0.0,0,0,26400,26400,0,0,0,0,26400,26400,0,26400,26400,0,0,0,0,26400,26400,0,0,0,0,0,0,0,0,0,0,26400,26400,0,0,0,0,26400,26400,0,0,0,0,0,0,0,0,0,0,0,0,0,0,0,0,0,0,0,0,0,0,0,0,0,0,26400,26400,0.0,0,0.0,0,0,26400,26400,26400,26400,0,0,0,0,0,0,0,0,1,False,0,0,2022-02-18,2022-02-25,NONE,0,0,0,0,0,0,40,NOT_STARTED,PHYSICAL,0,FIXED_DURATION_AND_UNITS,ACTIVITY,NORMAL,240,0,0,0,0,0,0,40,ALL_WITHIN,BOTH_NOT_COMPLETE,False,3,0,0,0,False,240,0,0,0,0,0,240,240,0,LS4-1130,2022-02-24,2022-02-24,2022-02-24,2022-03-03,2022-02-24,2022-03-03,PL4,R2,CIVIL,LS 4,geo-polyline-4,2022-02-18,2021-11-23,2022-02-18,2022-02-18,2022-02-18,2022-02-25,2022-02-24,2022-02-24,2022-02-24,2022-03-03,2022-02-24,2022-03-03,9571.861212606835,{18FA2E79-796C-48A6-ACBE-2BC891C62A08}
44,3,136050,schedule.specialist@aec.com,28401,082182,2022-02-25,48206,46213,28401,PRE_MITIGATED,46213,52213,2021-11-23,Default Calendar,COST,0,40,40,1,240,0,240,0,0,False,False,1,2022-02-25,2022-02-25,2022-03-04T08:00:00.+0000,40,0,Set Rebar Cage,0,0,0.0,0.0,0,0,26400,26400,0,0,0,0,26400,26400,0,26400,26400,0,0,0,0,26400,26400,0,0,0,0,0,0,0,0,0,0,26400,26400,0,0,0,0,26400,26400,0,0,0,0,0,0,0,0,0,0,0,0,0,0,0,0,0,0,0,0,0,0,0,0,0,0,26400,26400,0.0,0,0.0,0,0,26400,26400,26400,26400,0,0,0,0,0,0,0,0,1,False,0,0,2022-02-25,2022-03-04,NONE,0,0,0,0,0,0,40,NOT_STARTED,PHYSICAL,0,FIXED_DURATION_AND_UNITS,ACTIVITY,NORMAL,240,0,0,0,0,0,0,40,ALL_WITHIN,BOTH_NOT_COMPLETE,False,3,0,0,0,False,240,0,0,0,0,0,240,240,0,LS4-1140,2022-03-03,2022-03-03,2022-03-03,2022-03-10,2022-03-03,2022-03-10,PL4,R2,CIVIL,LS 4,geo-polyline-4,2022-02-25,2021-11-23,2022-02-25,2022-02-25,2022-02-25,2022-03-04,2022-03-03,2022-03-03,2022-03-03,2022-03-10,2022-03-03,2022-03-10,9571.861212606835,{C03C4162-7E3E-421A-A1FF-C978BDFA845E}
45,3,136100,schedule.specialist@aec.com,28401,082182,2022-03-04,48206,46214,28401,PRE_MITIGATED,46214,52214,2021-11-23,Default Calendar,COST,0,80,80,1,480,0,480,0,0,False,False,1,2022-03-04,2022-03-04,2022-03-11T08:00:00.+0000,80,0,Pour Concrete,0,0,0.0,0.0,0,0,52800,52800,0,0,0,0,52800,52800,0,52800,52800,0,0,0,0,52800,52800,0,0,0,0,0,0,0,0,0,0,52800,52800,0,0,0,0,52800,52800,0,0,0,0,0,0,0,0,0,0,0,0,0,0,0,0,0,0,0,0,0,0,0,0,0,0,52800,52800,0.0,0,0.0,0,0,52800,52800,52800,52800,0,0,0,0,0,0,0,0,1,False,0,0,2022-03-04,2022-03-11,NONE,0,0,0,0,0,40,40,NOT_STARTED,PHYSICAL,0,FIXED_DURATION_AND_UNITS,ACTIVITY,NORMAL,480,0,0,0,0,0,0,40,ALL_WITHIN,BOTH_NOT_COMPLETE,False,3,0,0,0,False,480,0,0,0,0,0,480,480,0,LS4-1150,2022-03-17,2022-03-17,2022-03-17,2022-03-24,2022-03-17,2022-03-24,PL4,R2,CIVIL,LS 4,geo-polyline-4,2022-03-04,2021-11-23,2022-03-04,2022-03-04,2022-03-04,2022-03-11,2022-03-17,2022-03-17,2022-03-17,2022-03-24,2022-03-17,2022-03-24,9571.861212606835,{581253B2-D284-49F9-AAD6-B77F9DACA37D}
46,1,136150,schedule.specialist@aec.com,28401,082182,2022-03-04,48208,46215,28401,PRE_MITIGATED,46215,52215,2021-11-23,Default Calendar,COST,0,40,40,1,120,0,120,0,0,True,False,1,2022-03-04,2022-03-04,2022-03-04T08:00:00.+0000,40,0,Stage Material,0,0,0.0,0.0,0,0,13200,13200,0,0,0,0,13200,13200,0,13200,13200,0,0,0,0,13200,13200,0,0,0,0,0,0,0,0,0,0,13200,13200,0,0,0,0,13200,13200,0,0,0,0,0,0,0,0,0,0,0,0,0,0,0,0,0,0,0,0,0,0,0,0,0,0,13200,13200,0.0,0,0.0,0,0,13200,13200,13200,13200,0,0,0,0,0,0,0,0,1,True,0,0,2022-03-04,2022-03-04,NONE,0,0,0,0,0,0,0,NOT_STARTED,PHYSICAL,0,FIXED_DURATION_AND_UNITS,ACTIVITY,NORMAL,120,0,0,0,0,0,0,0,ALL_WITHIN,BOTH_NOT_COMPLETE,False,1,0,0,0,False,120,0,0,0,0,0,120,120,0,LS5-1110,2022-03-10,2022-03-10,2022-03-10,2022-03-10,2022-03-10,2022-03-10,PL5,R2,CIVIL,LS 5,geo-polyline-5,2022-03-04,2021-11-23,2022-03-04,2022-03-04,2022-03-04,2022-03-04,2022-03-10,2022-03-10,2022-03-10,2022-03-10,2022-03-10,2022-03-10,5606.756374387771,{22DEDC95-F8D5-466C-A85F-43E339445A8B}
47,4,136200,schedule.specialist@aec.com,28401,082182,2022-02-11,48208,46216,28401,PRE_MITIGATED,46216,52216,2021-11-23,Default Calendar,COST,0,120,120,1,240,0,240,0,0,True,False,1,2022-02-11,2022-02-11,2022-02-11T08:00:00.+0000,120,0,ROW and Easement Clearing,0,0,0.0,0.0,0,0,27600,27600,0,0,0,0,27600,27600,0,27600,27600,0,0,0,0,27600,27600,0,0,0,0,0,0,0,0,0,0,27600,27600,0,0,0,0,27600,27600,0,0,0,0,0,0,0,0,0,0,0,0,0,0,0,0,0,0,0,0,0,0,0,0,0,0,27600,27600,0.0,0,0.0,0,0,27600,27600,27600,27600,0,0,0,0,0,0,0,0,1,True,0,0,2022-02-11,2022-02-11,NONE,0,0,0,0,0,0,0,NOT_STARTED,PHYSICAL,0,FIXED_DURATION_AND_UNITS,ACTIVITY,NORMAL,240,0,0,0,0,0,0,0,ALL_WITHIN,BOTH_NOT_COMPLETE,False,4,0,0,0,False,240,0,0,0,0,0,240,240,0,LS5-1120,2022-03-03,2022-03-03,2022-03-03,2022-03-03,2022-03-03,2022-03-03,PL5,"R1, R2","FICON, CIVIL",LS 5,geo-polyline-5,2022-02-11,2021-11-23,2022-02-11,2022-02-11,2022-02-11,2022-02-11,2022-03-03,2022-03-03,2022-03-03,2022-03-03,2022-03-03,2022-03-03,5606.756374387771,{1C886636-0917-43E3-864B-46E3169F27FC}
48,3,136250,schedule.specialist@aec.com,28401,082182,2022-03-11,48208,46217,28401,PRE_MITIGATED,46217,52217,2021-11-23,Default Calendar,COST,0,40,40,1,240,0,240,0,0,True,False,1,2022-03-11,2022-03-11,2022-03-11T08:00:00.+0000,40,0,Drill Foundations,0,0,0.0,0.0,0,0,26400,26400,0,0,0,0,26400,26400,0,26400,26400,0,0,0,0,26400,26400,0,0,0,0,0,0,0,0,0,0,26400,26400,0,0,0,0,26400,26400,0,0,0,0,0,0,0,0,0,0,0,0,0,0,0,0,0,0,0,0,0,0,0,0,0,0,26400,26400,0.0,0,0.0,0,0,26400,26400,26400,26400,0,0,0,0,0,0,0,0,1,True,0,0,2022-03-11,2022-03-11,NONE,0,0,0,0,0,0,0,NOT_STARTED,PHYSICAL,0,FIXED_DURATION_AND_UNITS,ACTIVITY,NORMAL,240,0,0,0,0,0,0,0,ALL_WITHIN,BOTH_NOT_COMPLETE,False,3,0,0,0,False,240,0,0,0,0,0,240,240,0,LS5-1130,2022-03-17,2022-03-17,2022-03-17,2022-03-17,2022-03-17,2022-03-17,PL5,R2,CIVIL,LS 5,geo-polyline-5,2022-03-11,2021-11-23,2022-03-11,2022-03-11,2022-03-11,2022-03-11,2022-03-17,2022-03-17,2022-03-17,2022-03-17,2022-03-17,2022-03-17,5606.756374387771,{2DDF52B7-28A2-4134-8196-A847B5FAB647}
49,3,136300,schedule.specialist@aec.com,28401,082182,2022-03-18,48208,46218,28401,PRE_MITIGATED,46218,52218,2021-11-23,Default Calendar,COST,0,40,40,1,240,0,240,0,0,True,False,1,2022-03-18,2022-03-18,2022-03-18T08:00:00.+0000,40,0,Set Rebar Cage,0,0,0.0,0.0,0,0,26400,26400,0,0,0,0,26400,26400,0,26400,26400,0,0,0,0,26400,26400,0,0,0,0,0,0,0,0,0,0,26400,26400,0,0,0,0,26400,26400,0,0,0,0,0,0,0,0,0,0,0,0,0,0,0,0,0,0,0,0,0,0,0,0,0,0,26400,26400,0.0,0,0.0,0,0,26400,26400,26400,26400,0,0,0,0,0,0,0,0,1,True,0,0,2022-03-18,2022-03-18,NONE,0,0,0,0,0,0,0,NOT_STARTED,PHYSICAL,0,FIXED_DURATION_AND_UNITS,ACTIVITY,NORMAL,240,0,0,0,0,0,0,0,ALL_WITHIN,BOTH_NOT_COMPLETE,False,3,0,0,0,False,240,0,0,0,0,0,240,240,0,LS5-1140,2022-03-24,2022-03-24,2022-03-24,2022-03-24,2022-03-24,2022-03-24,PL5,R2,CIVIL,LS 5,geo-polyline-5,2022-03-18,2021-11-23,2022-03-18,2022-03-18,2022-03-18,2022-03-18,2022-03-24,2022-03-24,2022-03-24,2022-03-24,2022-03-24,2022-03-24,5606.756374387771,{48B97689-C824-4543-A08A-16F23E17A6BB}
50,3,136350,schedule.specialist@aec.com,28401,082182,2022-03-25,48208,46219,28401,PRE_MITIGATED,46219,52219,2021-11-23,Default Calendar,COST,0,80,80,1,480,0,480,0,0,True,False,1,2022-03-25,2022-03-25,2022-03-25T08:00:00.+0000,80,0,Pour Concrete,0,0,0.0,0.0,0,0,52800,52800,0,0,0,0,52800,52800,0,52800,52800,0,0,0,0,52800,52800,0,0,0,0,0,0,0,0,0,0,52800,52800,0,0,0,0,52800,52800,0,0,0,0,0,0,0,0,0,0,0,0,0,0,0,0,0,0,0,0,0,0,0,0,0,0,52800,52800,0.0,0,0.0,0,0,52800,52800,52800,52800,0,0,0,0,0,0,0,0,1,True,0,0,2022-03-25,2022-03-25,NONE,0,0,0,0,0,0,0,NOT_STARTED,PHYSICAL,0,FIXED_DURATION_AND_UNITS,ACTIVITY,NORMAL,480,0,0,0,0,0,0,0,ALL_WITHIN,BOTH_NOT_COMPLETE,False,3,0,0,0,False,480,0,0,0,0,0,480,480,0,LS5-1150,2022-04-07,2022-04-07,2022-04-07,2022-04-07,2022-04-07,2022-04-07,PL5,R2,CIVIL,LS 5,geo-polyline-5,2022-03-25,2021-11-23,2022-03-25,2022-03-25,2022-03-25,2022-03-25,2022-04-07,2022-04-07,2022-04-07,2022-04-07,2022-04-07,2022-04-07,5606.756374387771,{E16BC79C-B117-453D-8560-2E5B7C67637B}
51,1,136900,schedule.specialist@aec.com,28401,082182,2022-03-24,48209,46220,28401,PRE_MITIGATED,46220,52220,2021-11-23,Default Calendar,COST,0,40,40,1,40,0,40,0,0,False,False,1,2022-03-24,2022-03-24,2022-07-14T08:00:00.+0000,40,0,Testing,0,0,0.0,0.0,0,0,6000,6000,0,0,0,0,6000,6000,0,6000,6000,0,0,0,0,6000,6000,0,0,0,0,0,0,0,0,0,0,6000,6000,0,0,0,0,6000,6000,0,0,0,0,0,0,0,0,0,0,0,0,0,0,0,0,0,0,0,0,0,0,0,0,0,0,6000,6000,0.0,0,0.0,0,0,6000,6000,6000,6000,0,0,0,0,0,0,0,0,1,False,0,0,2022-03-24,2022-07-14,NONE,0,0,0,0,0,640,640,NOT_STARTED,PHYSICAL,0,FIXED_DURATION_AND_UNITS,ACTIVITY,NORMAL,40,0,0,0,0,0,0,640,ALL_WITHIN,BOTH_NOT_COMPLETE,False,1,0,0,0,False,40,0,0,0,0,0,40,40,0,LS3-1010,2022-03-30,2022-03-30,2022-03-30,2022-07-20,2022-03-30,2022-07-20,PL3,R3,Lightening Industries,LS 3,geo-polyline-3,2022-03-24,2021-11-23,2022-03-24,2022-03-24,2022-03-24,2022-07-14,2022-03-30,2022-03-30,2022-03-30,2022-07-20,2022-03-30,2022-07-20,5272.957858994076,{6549B26A-CE22-497D-B01D-FA501E0BD8E5}
52,2,136950,schedule.specialist@aec.com,28401,082182,2022-03-10,48209,46221,28401,PRE_MITIGATED,46221,52221,2021-11-23,Default Calendar,COST,0,80,80,1,480,0,480,0,0,False,False,1,2022-03-10,2022-03-10,2022-06-30T08:00:00.+0000,80,0,Install OPGW,0,0,0.0,0.0,0,0,72000,72000,0,0,0,0,72000,72000,0,72000,72000,0,0,0,0,72000,72000,0,0,0,0,0,0,0,0,0,0,72000,72000,0,0,0,0,72000,72000,0,0,0,0,0,0,0,0,0,0,0,0,0,0,0,0,0,0,0,0,0,0,0,0,0,0,72000,72000,0.0,0,0.0,0,0,72000,72000,72000,72000,0,0,0,0,0,0,0,0,1,False,0,0,2022-03-10,2022-06-30,NONE,0,0,0,0,0,0,640,NOT_STARTED,PHYSICAL,0,FIXED_DURATION_AND_UNITS,ACTIVITY,NORMAL,480,0,0,0,0,0,0,640,ALL_WITHIN,BOTH_NOT_COMPLETE,False,2,0,0,0,False,480,0,0,0,0,0,480,480,0,LS3-1020,2022-03-23,2022-03-23,2022-03-23,2022-07-13,2022-03-23,2022-07-13,PL3,R3,Lightening Industries,LS 3,geo-polyline-3,2022-03-10,2021-11-23,2022-03-10,2022-03-10,2022-03-10,2022-06-30,2022-03-23,2022-03-23,2022-03-23,2022-07-13,2022-03-23,2022-07-13,5272.957858994076,{F36754CC-56E2-47E7-B7D2-552761E3278E}
53,4,137000,schedule.specialist@aec.com,28401,082182,2022-03-03,48209,46222,28401,PRE_MITIGATED,46222,52222,2021-11-23,Default Calendar,COST,0,40,40,1,240,0,240,0,0,False,False,1,2022-03-03,2022-03-03,2022-06-23T08:00:00.+0000,40,0,"Pull, Sag and Clip Conductor",0,0,0.0,0.0,0,0,36000,36000,0,0,0,0,36000,36000,0,36000,36000,0,0,0,0,36000,36000,0,0,0,0,0,0,0,0,0,0,36000,36000,0,0,0,0,36000,36000,0,0,0,0,0,0,0,0,0,0,0,0,0,0,0,0,0,0,0,0,0,0,0,0,0,0,36000,36000,0.0,0,0.0,0,0,36000,36000,36000,36000,0,0,0,0,0,0,0,0,1,False,0,0,2022-03-03,2022-06-23,NONE,0,0,0,0,0,0,640,NOT_STARTED,PHYSICAL,0,FIXED_DURATION_AND_UNITS,ACTIVITY,NORMAL,240,0,0,0,0,0,0,640,ALL_WITHIN,BOTH_NOT_COMPLETE,False,4,0,0,0,False,240,0,0,0,0,0,240,240,0,LS3-1030,2022-03-09,2022-03-09,2022-03-09,2022-06-29,2022-03-09,2022-06-29,PL3,R3,Lightening Industries,LS 3,geo-polyline-3,2022-03-03,2021-11-23,2022-03-03,2022-03-03,2022-03-03,2022-06-23,2022-03-09,2022-03-09,2022-03-09,2022-06-29,2022-03-09,2022-06-29,5272.957858994076,{3DB574A2-B399-40AD-ACCB-E02E71363BB7}
54,1,137050,schedule.specialist@aec.com,28401,082182,2022-02-10,48209,46223,28401,PRE_MITIGATED,46223,52223,2021-11-23,Default Calendar,COST,0,40,40,1,200,0,200,0,0,False,False,1,2022-02-10,2022-02-10,2022-06-02T08:00:00.+0000,40,0,Stage Material,0,0,0.0,0.0,0,0,30000,30000,0,0,0,0,30000,30000,0,30000,30000,0,0,0,0,30000,30000,0,0,0,0,0,0,0,0,0,0,30000,30000,0,0,0,0,30000,30000,0,0,0,0,0,0,0,0,0,0,0,0,0,0,0,0,0,0,0,0,0,0,0,0,0,0,30000,30000,0.0,0,0.0,0,0,30000,30000,30000,30000,0,0,0,0,0,0,0,0,1,False,0,0,2022-02-10,2022-06-02,NONE,0,0,0,0,0,0,640,NOT_STARTED,PHYSICAL,0,FIXED_DURATION_AND_UNITS,ACTIVITY,NORMAL,200,0,0,0,0,0,0,640,ALL_WITHIN,BOTH_NOT_COMPLETE,False,1,0,0,0,False,200,0,0,0,0,0,200,200,0,LS3-1040,2022-02-16,2022-02-16,2022-02-16,2022-06-08,2022-02-16,2022-06-08,PL3,R3,Lightening Industries,LS 3,geo-polyline-3,2022-02-10,2021-11-23,2022-02-10,2022-02-10,2022-02-10,2022-06-02,2022-02-16,2022-02-16,2022-02-16,2022-06-08,2022-02-16,2022-06-08,5272.957858994076,{21AA85DB-DEE3-41FE-A0F9-831F029A6F9C}
55,3,137100,schedule.specialist@aec.com,28401,082182,2022-02-17,48209,46224,28401,PRE_MITIGATED,46224,52224,2021-11-23,Default Calendar,COST,0,80,80,1,480,0,480,0,0,False,False,1,2022-02-17,2022-02-17,2022-06-09T08:00:00.+0000,80,0,Set Structures,0,0,0.0,0.0,0,0,72000,72000,0,0,0,0,72000,72000,0,72000,72000,0,0,0,0,72000,72000,0,0,0,0,0,0,0,0,0,0,72000,72000,0,0,0,0,72000,72000,0,0,0,0,0,0,0,0,0,0,0,0,0,0,0,0,0,0,0,0,0,0,0,0,0,0,72000,72000,0.0,0,0.0,0,0,72000,72000,72000,72000,0,0,0,0,0,0,0,0,1,False,0,0,2022-02-17,2022-06-09,NONE,0,0,0,0,0,0,640,NOT_STARTED,PHYSICAL,0,FIXED_DURATION_AND_UNITS,ACTIVITY,NORMAL,480,0,0,0,0,0,0,640,ALL_WITHIN,BOTH_NOT_COMPLETE,False,3,0,0,0,False,480,0,0,0,0,0,480,480,0,LS3-1050,2022-03-02,2022-03-02,2022-03-02,2022-06-22,2022-03-02,2022-06-22,PL3,R3,Lightening Industries,LS 3,geo-polyline-3,2022-02-17,2021-11-23,2022-02-17,2022-02-17,2022-02-17,2022-06-09,2022-03-02,2022-03-02,2022-03-02,2022-06-22,2022-03-02,2022-06-22,5272.957858994076,{322B4E3E-87BB-46AE-B465-B5E0C4077CF3}
56,1,137150,schedule.specialist@aec.com,28401,082182,2022-04-14,48210,46225,28401,PRE_MITIGATED,46225,52225,2021-11-23,Default Calendar,COST,0,40,40,1,40,0,40,0,0,False,False,1,2022-04-14,2022-04-14,2022-07-14T08:00:00.+0000,40,0,Testing,0,0,0.0,0.0,0,0,6000,6000,0,0,0,0,6000,6000,0,6000,6000,0,0,0,0,6000,6000,0,0,0,0,0,0,0,0,0,0,6000,6000,0,0,0,0,6000,6000,0,0,0,0,0,0,0,0,0,0,0,0,0,0,0,0,0,0,0,0,0,0,0,0,0,0,6000,6000,0.0,0,0.0,0,0,6000,6000,6000,6000,0,0,0,0,0,0,0,0,1,False,0,0,2022-04-14,2022-07-14,NONE,0,0,0,0,0,520,520,NOT_STARTED,PHYSICAL,0,FIXED_DURATION_AND_UNITS,ACTIVITY,NORMAL,40,0,0,0,0,0,0,520,ALL_WITHIN,BOTH_NOT_COMPLETE,False,1,0,0,0,False,40,0,0,0,0,0,40,40,0,LS4-1010,2022-04-20,2022-04-20,2022-04-20,2022-07-20,2022-04-20,2022-07-20,PL4,R3,Lightening Industries,LS 4,geo-polyline-4,2022-04-14,2021-11-23,2022-04-14,2022-04-14,2022-04-14,2022-07-14,2022-04-20,2022-04-20,2022-04-20,2022-07-20,2022-04-20,2022-07-20,9571.861212606835,{015785C7-DCEB-4787-B4CB-9ECF3D0B8A52}
57,2,137200,schedule.specialist@aec.com,28401,082182,2022-03-31,48210,46226,28401,PRE_MITIGATED,46226,52226,2021-11-23,Default Calendar,COST,0,80,80,1,480,0,480,0,0,False,False,1,2022-03-31,2022-03-31,2022-06-30T08:00:00.+0000,80,0,Install OPGW,0,0,0.0,0.0,0,0,72000,72000,0,0,0,0,72000,72000,0,72000,72000,0,0,0,0,72000,72000,0,0,0,0,0,0,0,0,0,0,72000,72000,0,0,0,0,72000,72000,0,0,0,0,0,0,0,0,0,0,0,0,0,0,0,0,0,0,0,0,0,0,0,0,0,0,72000,72000,0.0,0,0.0,0,0,72000,72000,72000,72000,0,0,0,0,0,0,0,0,1,False,0,0,2022-03-31,2022-06-30,NONE,0,0,0,0,0,0,520,NOT_STARTED,PHYSICAL,0,FIXED_DURATION_AND_UNITS,ACTIVITY,NORMAL,480,0,0,0,0,0,0,520,ALL_WITHIN,BOTH_NOT_COMPLETE,False,2,0,0,0,False,480,0,0,0,0,0,480,480,0,LS4-1020,2022-04-13,2022-04-13,2022-04-13,2022-07-13,2022-04-13,2022-07-13,PL4,R3,Lightening Industries,LS 4,geo-polyline-4,2022-03-31,2021-11-23,2022-03-31,2022-03-31,2022-03-31,2022-06-30,2022-04-13,2022-04-13,2022-04-13,2022-07-13,2022-04-13,2022-07-13,9571.861212606835,{E9666A30-A1CB-48CE-9095-DA287C853474}
58,4,137250,schedule.specialist@aec.com,28401,082182,2022-03-24,48210,46227,28401,PRE_MITIGATED,46227,52227,2021-11-23,Default Calendar,COST,0,40,40,1,240,0,240,0,0,False,False,1,2022-03-24,2022-03-24,2022-06-23T08:00:00.+0000,40,0,"Pull, Sag and Clip Conductor",0,0,0.0,0.0,0,0,36000,36000,0,0,0,0,36000,36000,0,36000,36000,0,0,0,0,36000,36000,0,0,0,0,0,0,0,0,0,0,36000,36000,0,0,0,0,36000,36000,0,0,0,0,0,0,0,0,0,0,0,0,0,0,0,0,0,0,0,0,0,0,0,0,0,0,36000,36000,0.0,0,0.0,0,0,36000,36000,36000,36000,0,0,0,0,0,0,0,0,1,False,0,0,2022-03-24,2022-06-23,NONE,0,0,0,0,0,0,520,NOT_STARTED,PHYSICAL,0,FIXED_DURATION_AND_UNITS,ACTIVITY,NORMAL,240,0,0,0,0,0,0,520,ALL_WITHIN,BOTH_NOT_COMPLETE,False,4,0,0,0,False,240,0,0,0,0,0,240,240,0,LS4-1030,2022-03-30,2022-03-30,2022-03-30,2022-06-29,2022-03-30,2022-06-29,PL4,R3,Lightening Industries,LS 4,geo-polyline-4,2022-03-24,2021-11-23,2022-03-24,2022-03-24,2022-03-24,2022-06-23,2022-03-30,2022-03-30,2022-03-30,2022-06-29,2022-03-30,2022-06-29,9571.861212606835,{1E7091B7-8488-4AD5-BC2A-9FE84B54E5B7}
59,1,137300,schedule.specialist@aec.com,28401,082182,2022-03-03,48210,46228,28401,PRE_MITIGATED,46228,52228,2021-11-23,Default Calendar,COST,0,40,40,1,200,0,200,0,0,False,False,1,2022-03-03,2022-03-03,2022-06-02T08:00:00.+0000,40,0,Stage Material,0,0,0.0,0.0,0,0,30000,30000,0,0,0,0,30000,30000,0,30000,30000,0,0,0,0,30000,30000,0,0,0,0,0,0,0,0,0,0,30000,30000,0,0,0,0,30000,30000,0,0,0,0,0,0,0,0,0,0,0,0,0,0,0,0,0,0,0,0,0,0,0,0,0,0,30000,30000,0.0,0,0.0,0,0,30000,30000,30000,30000,0,0,0,0,0,0,0,0,1,False,0,0,2022-03-03,2022-06-02,NONE,0,0,0,0,0,0,520,NOT_STARTED,PHYSICAL,0,FIXED_DURATION_AND_UNITS,ACTIVITY,NORMAL,200,0,0,0,0,0,0,520,ALL_WITHIN,BOTH_NOT_COMPLETE,False,1,0,0,0,False,200,0,0,0,0,0,200,200,0,LS4-1040,2022-03-09,2022-03-09,2022-03-09,2022-06-08,2022-03-09,2022-06-08,PL4,R3,Lightening Industries,LS 4,geo-polyline-4,2022-03-03,2021-11-23,2022-03-03,2022-03-03,2022-03-03,2022-06-02,2022-03-09,2022-03-09,2022-03-09,2022-06-08,2022-03-09,2022-06-08,9571.861212606835,{7DC9FDF0-1DFA-46CF-BA0F-19065D049FA7}
60,3,137350,schedule.specialist@aec.com,28401,082182,2022-03-10,48210,46229,28401,PRE_MITIGATED,46229,52229,2021-11-23,Default Calendar,COST,0,80,80,1,480,0,480,0,0,False,False,1,2022-03-10,2022-03-10,2022-06-09T08:00:00.+0000,80,0,Set Structures,0,0,0.0,0.0,0,0,72000,72000,0,0,0,0,72000,72000,0,72000,72000,0,0,0,0,72000,72000,0,0,0,0,0,0,0,0,0,0,72000,72000,0,0,0,0,72000,72000,0,0,0,0,0,0,0,0,0,0,0,0,0,0,0,0,0,0,0,0,0,0,0,0,0,0,72000,72000,0.0,0,0.0,0,0,72000,72000,72000,72000,0,0,0,0,0,0,0,0,1,False,0,0,2022-03-10,2022-06-09,NONE,0,0,0,0,0,0,520,NOT_STARTED,PHYSICAL,0,FIXED_DURATION_AND_UNITS,ACTIVITY,NORMAL,480,0,0,0,0,0,0,520,ALL_WITHIN,BOTH_NOT_COMPLETE,False,3,0,0,0,False,480,0,0,0,0,0,480,480,0,LS4-1050,2022-03-23,2022-03-23,2022-03-23,2022-06-22,2022-03-23,2022-06-22,PL4,R3,Lightening Industries,LS 4,geo-polyline-4,2022-03-10,2021-11-23,2022-03-10,2022-03-10,2022-03-10,2022-06-09,2022-03-23,2022-03-23,2022-03-23,2022-06-22,2022-03-23,2022-06-22,9571.861212606835,{D925C8DB-B644-4980-9AF3-9EF17843BDC9}
